Trial,Alpha,K_Graph,LambdaRecon,NegHard,NegAdj,Method,Config,ARI,NMI,ACC
1,0.4,6,0.05,0.8,0.4,mclust,mclust_A,0.2978327192994311,0.3507645279279229,0.5919863181040801
1,0.4,6,0.05,0.8,0.4,mclust,mclust_B,0.519056704082987,0.5255135821121903,0.6794527241632055
1,0.4,6,0.05,0.8,0.4,robust,robust_C,0.43486976424174173,0.554949645827017,0.6078670901539214
1,0.4,6,0.05,0.8,0.4,robust,robust_D,0.5278362488062682,0.6801328683410909,0.6755436110432446
2,0.2,8,0.01,0.85,0.4,mclust,mclust_A,0.11332320460347238,0.23825277989313723,0.4361104324456389
2,0.2,8,0.01,0.85,0.4,mclust,mclust_B,0.13965303170350643,0.2547907175367899,0.4654287808453457
2,0.2,8,0.01,0.85,0.4,robust,robust_C,0.43155902189496853,0.5797025847056386,0.5905204006840948
2,0.2,8,0.01,0.85,0.4,robust,robust_D,0.5336313556421263,0.6729754610260453,0.6831175177131689
3,0.3,4,0.0,0.7,0.3,mclust,mclust_A,0.47604195247610176,0.4822195853813477,0.6662594673833374
3,0.3,4,0.0,0.7,0.3,mclust,mclust_B,0.4728331252089576,0.5325487196038635,0.6420718299535793
3,0.3,4,0.0,0.7,0.3,robust,robust_C,0.7115957892372838,0.7095787658448139,0.8323967749816761
3,0.3,4,0.0,0.7,0.3,robust,robust_D,0.5409434629696911,0.6800381898656858,0.6899584656731004
4,0.35,8,0.0,0.85,0.4,mclust,mclust_A,0.3431031166670282,0.41520659851324265,0.6049352553139506
4,0.35,8,0.0,0.85,0.4,mclust,mclust_B,0.5754672044450885,0.5933166217330805,0.6928903005130711
4,0.35,8,0.0,0.85,0.4,robust,robust_C,0.4848968122493714,0.6212211625844,0.6044466161739556
4,0.35,8,0.0,0.85,0.4,robust,robust_D,0.572350317338122,0.706798566892852,0.6931346200830687
5,0.35,8,0.0,0.8,0.4,mclust,mclust_A,0.13868088429463232,0.2631336071282969,0.47544588321524556
5,0.35,8,0.0,0.8,0.4,mclust,mclust_B,0.5603163025170966,0.5900863318776676,0.6926459809430735
5,0.35,8,0.0,0.8,0.4,robust,robust_C,0.40618211559897527,0.599274960041652,0.5575372587344246
5,0.35,8,0.0,0.8,0.4,robust,robust_D,0.5463945616710781,0.683715770458303,0.6848277547031517
6,0.2,6,0.05,0.7,0.5,mclust,mclust_A,0.24261896504295463,0.31126584235703264,0.5790373808942096
6,0.2,6,0.05,0.7,0.5,mclust,mclust_B,0.5157750832994317,0.5625609871599186,0.670901539213291
6,0.2,6,0.05,0.7,0.5,robust,robust_C,0.42511179683463685,0.5722851609121351,0.5949181529440508
6,0.2,6,0.05,0.7,0.5,robust,robust_D,0.5181761589544851,0.6671634745462426,0.6726117762032738
7,0.4,4,0.01,0.7,0.4,mclust,mclust_A,0.31047476322848017,0.33405391047653993,0.5949181529440508
7,0.4,4,0.01,0.7,0.4,mclust,mclust_B,0.5255438280926836,0.55479086847558,0.6794527241632055
7,0.4,4,0.01,0.7,0.4,robust,robust_C,0.48823326026853986,0.576357017992418,0.6638162716833619
7,0.4,4,0.01,0.7,0.4,robust,robust_D,0.49427669046194206,0.6487685454363473,0.6826288785731737
8,0.3,4,0.0,0.8,0.5,mclust,mclust_A,0.11372822145564579,0.23862088826255112,0.42853652577571466
8,0.3,4,0.0,0.8,0.5,mclust,mclust_B,0.14890099413790667,0.3623343726379045,0.5174688492548253
8,0.3,4,0.0,0.8,0.5,robust,robust_C,0.4176369863943853,0.5711778944405317,0.5890544832641095
8,0.3,4,0.0,0.8,0.5,robust,robust_D,0.5071562454659571,0.6623250016620456,0.6831175177131689
9,0.35,8,0.0,0.85,0.4,mclust,mclust_A,0.4091138338830519,0.5152518769495456,0.6381627168336184
9,0.35,8,0.0,0.85,0.4,mclust,mclust_B,0.5718690866915478,0.602376380729026,0.6914243830930857
9,0.35,8,0.0,0.85,0.4,robust,robust_C,0.47292933591007896,0.6230092132996263,0.591497678964085
9,0.35,8,0.0,0.85,0.4,robust,robust_D,0.5701107603936999,0.696525361469265,0.7036403615929636
10,0.3,8,0.01,0.8,0.3,mclust,mclust_A,0.48272770916411406,0.5323454949167414,0.6657708282433423
10,0.3,8,0.01,0.8,0.3,mclust,mclust_B,0.5947788040199306,0.6074395603756081,0.7026630833129733
10,0.3,8,0.01,0.8,0.3,robust,robust_C,0.46772671684641454,0.6004541760290396,0.6098216467139018
10,0.3,8,0.01,0.8,0.3,robust,robust_D,0.5444450331653483,0.685473653662249,0.6831175177131689
11,0.4,8,0.05,0.8,0.3,mclust,mclust_A,0.13304478388866842,0.2888772397211215,0.479599315905204
11,0.4,8,0.05,0.8,0.3,mclust,mclust_B,0.597958074577881,0.6058530456102288,0.7041290007329587
11,0.4,8,0.05,0.8,0.3,robust,robust_C,0.5510345196839113,0.6434323638896098,0.7082824334229172
11,0.4,8,0.05,0.8,0.3,robust,robust_D,0.5124725609757631,0.6708823594372426,0.681895919863181
12,0.3,4,0.0,0.8,0.3,mclust,mclust_A,0.12081434473935274,0.24592634826443685,0.4466161739555338
12,0.3,4,0.0,0.8,0.3,mclust,mclust_B,0.45191110968034975,0.51824620788429,0.6469582213535304
12,0.3,4,0.0,0.8,0.3,robust,robust_C,0.4329821804595099,0.5827250975605522,0.5978499877840215
12,0.3,4,0.0,0.8,0.3,robust,robust_D,0.5403511452698088,0.6708016482400907,0.6931346200830687
13,0.35,8,0.05,0.7,0.5,mclust,mclust_A,0.36658905605771624,0.42751965998285424,0.6169069142438309
13,0.35,8,0.05,0.7,0.5,mclust,mclust_B,0.5796454837679514,0.5951076508576658,0.6943562179330565
13,0.35,8,0.05,0.7,0.5,robust,robust_C,0.42460866698428434,0.575847010498743,0.6010261421939898
13,0.35,8,0.05,0.7,0.5,robust,robust_D,0.5103318399150587,0.6633821591678275,0.6728560957732714
14,0.4,6,0.01,0.8,0.3,mclust,mclust_A,0.13541869998351133,0.2742882652808311,0.4813095528951869
14,0.4,6,0.01,0.8,0.3,mclust,mclust_B,0.16541067748039975,0.3621006161796618,0.5245541167847545
14,0.4,6,0.01,0.8,0.3,robust,robust_C,0.4484063200219511,0.5686773472421657,0.619105790373809
14,0.4,6,0.01,0.8,0.3,robust,robust_D,0.5324402638870702,0.6785848096004923,0.6826288785731737
15,0.35,6,0.05,0.8,0.5,mclust,mclust_A,0.35064914431176175,0.40760244135578555,0.6024920596139751
15,0.35,6,0.05,0.8,0.5,mclust,mclust_B,0.4645411510609575,0.5312803203847963,0.6467139017835328
15,0.35,6,0.05,0.8,0.5,robust,robust_C,0.38376226603205965,0.5384441213317549,0.5682873198143171
15,0.35,6,0.05,0.8,0.5,robust,robust_D,0.5238197541263435,0.6718516430450557,0.6726117762032738
16,0.3,6,0.0,0.8,0.3,mclust,mclust_A,0.12795133594857097,0.26323748871572367,0.4610310285853897
16,0.3,6,0.0,0.8,0.3,mclust,mclust_B,0.12890418774342174,0.37429844622884145,0.5013437576349865
16,0.3,6,0.0,0.8,0.3,robust,robust_C,0.4689561367238608,0.6179368369992907,0.5983386269240166
16,0.3,6,0.0,0.8,0.3,robust,robust_D,0.5418343639740227,0.6699947173027591,0.6897141461031029
17,0.2,4,0.01,0.7,0.4,mclust,mclust_A,0.1739431382986195,0.2750385083659501,0.5169802101148302
17,0.2,4,0.01,0.7,0.4,mclust,mclust_B,0.5503760086399229,0.5659372364396572,0.6904471048130956
17,0.2,4,0.01,0.7,0.4,robust,robust_C,0.457446743597954,0.5806402650076877,0.5954067920840459
17,0.2,4,0.01,0.7,0.4,robust,robust_D,0.5318115070786333,0.6657613241529167,0.6850720742731493
18,0.3,4,0.01,0.85,0.3,mclust,mclust_A,0.11729247708856685,0.25046563619688644,0.4439286586855607
18,0.3,4,0.01,0.85,0.3,mclust,mclust_B,0.5228219039943495,0.5432477038130754,0.6811629611531884
18,0.3,4,0.01,0.85,0.3,robust,robust_C,0.5256098258234824,0.6006109206853815,0.7153677009528463
18,0.3,4,0.01,0.85,0.3,robust,robust_D,0.47426357622177195,0.6404513490213778,0.6650378695333496
19,0.2,8,0.01,0.8,0.5,mclust,mclust_A,0.37219284845841794,0.43464651963253614,0.6213046665037869
19,0.2,8,0.01,0.8,0.5,mclust,mclust_B,0.49113235620543483,0.5621439649401798,0.6611287564133888
19,0.2,8,0.01,0.8,0.5,robust,robust_C,0.5644145179429497,0.6398124797054454,0.7334473491326655
19,0.2,8,0.01,0.8,0.5,robust,robust_D,0.5188863245030236,0.674789031182451,0.6748106523332519
20,0.2,8,0.05,0.7,0.4,mclust,mclust_A,0.4728836674619633,0.520367428542404,0.6667481065233325
20,0.2,8,0.05,0.7,0.4,mclust,mclust_B,0.6134313353241685,0.6158556218454382,0.7080381138529196
20,0.2,8,0.05,0.7,0.4,robust,robust_C,0.4823867165984907,0.5991066141471865,0.6169069142438309
20,0.2,8,0.05,0.7,0.4,robust,robust_D,0.5679305936650116,0.701596760833411,0.6921573418030784
21,0.3,6,0.05,0.7,0.5,mclust,mclust_A,0.42721748836750434,0.4273540888182613,0.6454923039335451
21,0.3,6,0.05,0.7,0.5,mclust,mclust_B,0.5786861618085897,0.5969004687433141,0.6948448570730515
21,0.3,6,0.05,0.7,0.5,robust,robust_C,0.49880976447836545,0.6171719870768378,0.6195944295138041
21,0.3,6,0.05,0.7,0.5,robust,robust_D,0.5108596942732038,0.6548156718873616,0.6638162716833619
22,0.35,8,0.0,0.8,0.3,mclust,mclust_A,0.4729484419050553,0.5067608234762114,0.6596628389934034
22,0.35,8,0.0,0.8,0.3,mclust,mclust_B,0.6059944419921185,0.6142889248667803,0.7107256291228927
22,0.35,8,0.0,0.8,0.3,robust,robust_C,0.46141209386234966,0.6026369779509395,0.5929635963840704
22,0.35,8,0.0,0.8,0.3,robust,robust_D,0.5533654252086261,0.6861269503892939,0.6899584656731004
23,0.2,4,0.05,0.7,0.4,mclust,mclust_A,0.3843023816144138,0.4177930941438407,0.6205717077937943
23,0.2,4,0.05,0.7,0.4,mclust,mclust_B,0.4755035775396391,0.5243784881555011,0.6594185194234058
23,0.2,4,0.05,0.7,0.4,robust,robust_C,0.2816566055463806,0.5119455560258555,0.4434400195455656
23,0.2,4,0.05,0.7,0.4,robust,robust_D,0.5093498852945356,0.6590043575837211,0.6669924260933301
24,0.4,8,0.01,0.7,0.5,mclust,mclust_A,0.151457731609875,0.28357714330818945,0.5118494991448815
24,0.4,8,0.01,0.7,0.5,mclust,mclust_B,0.5445260194638741,0.586514995388066,0.6826288785731737
24,0.4,8,0.01,0.7,0.5,robust,robust_C,0.37903333261564004,0.5406551139009254,0.5482531150745175
24,0.4,8,0.01,0.7,0.5,robust,robust_D,0.5566835763123467,0.6904543746970127,0.6992426093330075
25,0.35,4,0.0,0.7,0.5,mclust,mclust_A,0.22275641199815266,0.3389750251802842,0.5531395064744686
25,0.35,4,0.0,0.7,0.5,mclust,mclust_B,0.47246943914349776,0.5135190965948234,0.6520889323234791
25,0.35,4,0.0,0.7,0.5,robust,robust_C,0.4414320865088081,0.5663399218838093,0.599804544344002
25,0.35,4,0.0,0.7,0.5,robust,robust_D,0.5448724057644121,0.6718149679258509,0.7016858050329832
26,0.4,6,0.05,0.85,0.5,mclust,mclust_A,0.11175556957376179,0.26176038755909936,0.44539457610554606
26,0.4,6,0.05,0.85,0.5,mclust,mclust_B,0.4005120608036878,0.5191115274377566,0.6195944295138041
26,0.4,6,0.05,0.85,0.5,robust,robust_C,0.42334937946766726,0.5443346207389111,0.610798924993892
26,0.4,6,0.05,0.85,0.5,robust,robust_D,0.5133707337942618,0.6649781449401403,0.6845834351331541
27,0.4,6,0.0,0.85,0.4,mclust,mclust_A,0.31025478746265445,0.4020050813132742,0.5995602247740044
27,0.4,6,0.0,0.85,0.4,mclust,mclust_B,0.12187611504396764,0.35756206723813416,0.4942584901050574
27,0.4,6,0.0,0.85,0.4,robust,robust_C,0.36801572398433374,0.5615387033226676,0.5592474957244076
27,0.4,6,0.0,0.85,0.4,robust,robust_D,0.5319121638962487,0.6756427864400136,0.6977766919130223
28,0.2,6,0.01,0.8,0.5,mclust,mclust_A,0.12515206039381638,0.26092540576275886,0.4632299047153677
28,0.2,6,0.01,0.8,0.5,mclust,mclust_B,0.4859446925330367,0.5392231022598302,0.6542878084534571
28,0.2,6,0.01,0.8,0.5,robust,robust_C,0.46158026520378065,0.5784229503921586,0.6015147813339848
28,0.2,6,0.01,0.8,0.5,robust,robust_D,0.5419053480692123,0.6807741954527494,0.6975323723430247
29,0.3,4,0.01,0.7,0.5,mclust,mclust_A,0.1346723194754092,0.2312382178174972,0.4808209137551918
29,0.3,4,0.01,0.7,0.5,mclust,mclust_B,0.42876221818805393,0.48818150808224176,0.623503542633765
29,0.3,4,0.01,0.7,0.5,robust,robust_C,0.3892466384823791,0.5479348946252144,0.5704861959442952
29,0.3,4,0.01,0.7,0.5,robust,robust_D,0.49947502587315795,0.6554683696044665,0.6713901783532861
30,0.4,8,0.0,0.7,0.5,mclust,mclust_A,0.4134878168210202,0.47038707985957234,0.636696799413633
30,0.4,8,0.0,0.7,0.5,mclust,mclust_B,0.5344026850720535,0.5790046740921649,0.6814072807231859
30,0.4,8,0.0,0.7,0.5,robust,robust_C,0.5758245013540089,0.6782538795987486,0.7317371121426827
30,0.4,8,0.0,0.7,0.5,robust,robust_D,0.5408900736944973,0.6828502142018882,0.6865379916931347
31,0.4,8,0.0,0.85,0.3,mclust,mclust_A,0.32525954693862125,0.3781577290898093,0.5976056682140239
31,0.4,8,0.0,0.85,0.3,mclust,mclust_B,0.5760106041022194,0.6060510008768928,0.6977766919130223
31,0.4,8,0.0,0.85,0.3,robust,robust_C,0.5552206677201049,0.6777750141690946,0.6938675787930614
31,0.4,8,0.0,0.85,0.3,robust,robust_D,0.5536716394028307,0.6852120737240257,0.69899828976301
32,0.3,4,0.0,0.7,0.5,mclust,mclust_A,0.3781190973519161,0.39712502466918215,0.6332763254336672
32,0.3,4,0.0,0.7,0.5,mclust,mclust_B,0.4638378420443898,0.5437297185814286,0.6584412411434156
32,0.3,4,0.0,0.7,0.5,robust,robust_C,0.4796916330752145,0.5613485164297644,0.683606156853164
32,0.3,4,0.0,0.7,0.5,robust,robust_D,0.527745489511008,0.6818565151459147,0.684094795993159
33,0.4,6,0.05,0.85,0.5,mclust,mclust_A,0.13382256223478478,0.25543465822396055,0.4764231614952358
33,0.4,6,0.05,0.85,0.5,mclust,mclust_B,0.4137861760700274,0.5274978209254368,0.6276569753237234
33,0.4,6,0.05,0.85,0.5,robust,robust_C,0.5259146567280688,0.6202973883098671,0.7156120205228439
33,0.4,6,0.05,0.85,0.5,robust,robust_D,0.5120064344154815,0.66225148133372,0.6767652088932323
34,0.4,6,0.05,0.7,0.3,mclust,mclust_A,0.41452460587813234,0.4387745739983254,0.6462252626435377
34,0.4,6,0.05,0.7,0.3,mclust,mclust_B,0.5040204480228642,0.5676189244157396,0.658196921573418
34,0.4,6,0.05,0.7,0.3,robust,robust_C,0.5159011771322807,0.6037817263762659,0.6782311263132177
34,0.4,6,0.05,0.7,0.3,robust,robust_D,0.5159374129744421,0.66790575821017,0.6853163938431468
35,0.3,8,0.01,0.85,0.3,mclust,mclust_A,0.12203082621097544,0.27322735826206246,0.46396286342536036
35,0.3,8,0.01,0.85,0.3,mclust,mclust_B,0.5494803874329636,0.5874779140158948,0.6826288785731737
35,0.3,8,0.01,0.85,0.3,robust,robust_C,0.4439175008934802,0.5857531839814119,0.5946738333740532
35,0.3,8,0.01,0.85,0.3,robust,robust_D,0.5286084649204993,0.6779897102800868,0.6838504764231615
36,0.2,4,0.0,0.7,0.5,mclust,mclust_A,0.31760097668119663,0.4145317580088901,0.6007818226239922
36,0.2,4,0.0,0.7,0.5,mclust,mclust_B,0.5036356173152772,0.5326217383754891,0.6728560957732714
36,0.2,4,0.0,0.7,0.5,robust,robust_C,0.5797916955657804,0.6615241265284207,0.7422428536525776
36,0.2,4,0.0,0.7,0.5,robust,robust_D,0.5338453804831614,0.6755953684655269,0.6804300024431957
37,0.35,8,0.05,0.7,0.5,mclust,mclust_A,0.16950534129653766,0.2657235915372534,0.5221109210847789
37,0.35,8,0.05,0.7,0.5,mclust,mclust_B,0.5372157635196527,0.5763753831205118,0.6794527241632055
37,0.35,8,0.05,0.7,0.5,robust,robust_C,0.5333903109917856,0.6263805307189836,0.7043733203029563
37,0.35,8,0.05,0.7,0.5,robust,robust_D,0.5312199338147457,0.6774686410114246,0.6821402394331786
38,0.4,4,0.0,0.8,0.5,mclust,mclust_A,0.12690645833007275,0.23161057681832192,0.46860493525531394
38,0.4,4,0.0,0.8,0.5,mclust,mclust_B,0.5373932300111933,0.5615050548776007,0.6831175177131689
38,0.4,4,0.0,0.8,0.5,robust,robust_C,0.5549524579104104,0.6501976396316179,0.7400439775225995
38,0.4,4,0.0,0.8,0.5,robust,robust_D,0.49765045582428424,0.6544778144308322,0.6855607134131444
39,0.35,6,0.0,0.85,0.5,mclust,mclust_A,0.2492334656853562,0.39130448025805525,0.5480087955045199
39,0.35,6,0.0,0.85,0.5,mclust,mclust_B,0.5669155356055982,0.5819324020212505,0.6916687026630833
39,0.35,6,0.0,0.85,0.5,robust,robust_C,0.5463783984074682,0.6476303377628662,0.7153677009528463
39,0.35,6,0.0,0.85,0.5,robust,robust_D,0.5336040587355475,0.6820328261306811,0.6777424871732226
40,0.2,4,0.0,0.7,0.5,mclust,mclust_A,0.39604991852109156,0.4280264198755623,0.6305888101636941
40,0.2,4,0.0,0.7,0.5,mclust,mclust_B,0.5446644418714924,0.547627871909811,0.6938675787930614
40,0.2,4,0.0,0.7,0.5,robust,robust_C,0.46990367585874426,0.5712761249468516,0.6291228927437088
40,0.2,4,0.0,0.7,0.5,robust,robust_D,0.52430164852119,0.6731790097016364,0.6831175177131689
41,0.3,8,0.0,0.7,0.3,mclust,mclust_A,0.5148281112140217,0.5714218868656343,0.6809186415831908
41,0.3,8,0.0,0.7,0.3,mclust,mclust_B,0.5908577626633273,0.6048064460908797,0.7048619594429514
41,0.3,8,0.0,0.7,0.3,robust,robust_C,0.5586385554799398,0.6683420417810532,0.7092597117029074
41,0.3,8,0.0,0.7,0.3,robust,robust_D,0.5570553330090748,0.6990799874870696,0.6948448570730515
42,0.4,6,0.01,0.7,0.4,mclust,mclust_A,0.33369195119997164,0.3652585107606768,0.604690935743953
42,0.4,6,0.01,0.7,0.4,mclust,mclust_B,0.5081161251886291,0.5669139942949045,0.6782311263132177
42,0.4,6,0.01,0.7,0.4,robust,robust_C,0.5674617116650571,0.6312468420110282,0.7405326166625946
42,0.4,6,0.01,0.7,0.4,robust,robust_D,0.5426265450650517,0.695110268247145,0.6804300024431957
43,0.4,8,0.0,0.7,0.5,mclust,mclust_A,0.4485259119960492,0.5038301778066765,0.6552650867334473
43,0.4,8,0.0,0.7,0.5,mclust,mclust_B,0.5230078830805696,0.5731204412863823,0.6762765697532372
43,0.4,8,0.0,0.7,0.5,robust,robust_C,0.446836249012154,0.6007515278921312,0.5839237722941608
43,0.4,8,0.0,0.7,0.5,robust,robust_D,0.561908161260659,0.7035954782772849,0.6904471048130956
44,0.4,4,0.0,0.8,0.3,mclust,mclust_A,0.2789989615374327,0.3146911324001147,0.5790373808942096
44,0.4,4,0.0,0.8,0.3,mclust,mclust_B,0.4486605510587506,0.5099560269149456,0.6428047886635719
44,0.4,4,0.0,0.8,0.3,robust,robust_C,0.579006821913932,0.6459548436139836,0.7483508429025165
44,0.4,4,0.0,0.8,0.3,robust,robust_D,0.5259096260031837,0.6676380380649618,0.6848277547031517
45,0.2,4,0.0,0.85,0.5,mclust,mclust_A,0.12651722830201903,0.24591658890286627,0.4456388956755436
45,0.2,4,0.0,0.85,0.5,mclust,mclust_B,0.5037122295888972,0.5444466732067513,0.6689469826533105
45,0.2,4,0.0,0.85,0.5,robust,robust_C,0.4462578202880901,0.6034177564400093,0.5780601026142194
45,0.2,4,0.0,0.85,0.5,robust,robust_D,0.558482690834686,0.6889783361904921,0.6970437332030296
46,0.35,8,0.05,0.7,0.4,mclust,mclust_A,0.4078007963703726,0.48465732572757425,0.6352308819936477
46,0.35,8,0.05,0.7,0.4,mclust,mclust_B,0.16077462164144585,0.38749341994381403,0.5272416320547276
46,0.35,8,0.05,0.7,0.4,robust,robust_C,0.5286231826190986,0.6289969204447223,0.694600537503054
46,0.35,8,0.05,0.7,0.4,robust,robust_D,0.5290107510091224,0.6765825491532336,0.6880039091131199
47,0.3,6,0.0,0.7,0.3,mclust,mclust_A,0.13184931669873198,0.2569702101997872,0.46225262643537746
47,0.3,6,0.0,0.7,0.3,mclust,mclust_B,0.5613451982723544,0.5894531515909455,0.6899584656731004
47,0.3,6,0.0,0.7,0.3,robust,robust_C,0.46718124191061294,0.611170865776237,0.5954067920840459
47,0.3,6,0.0,0.7,0.3,robust,robust_D,0.5600632032120914,0.6849791192058098,0.7014414854629856
48,0.2,4,0.05,0.8,0.4,mclust,mclust_A,0.2734725891493685,0.35944289035547133,0.5775714634742243
48,0.2,4,0.05,0.8,0.4,mclust,mclust_B,0.5287742097945601,0.5387080247884356,0.681895919863181
48,0.2,4,0.05,0.8,0.4,robust,robust_C,0.4865874544527385,0.5840757559658749,0.6679697043733203
48,0.2,4,0.05,0.8,0.4,robust,robust_D,0.5003491841717571,0.6529156880619977,0.6823845590031762
49,0.2,4,0.05,0.85,0.3,mclust,mclust_A,0.10730792175740482,0.2390971159296247,0.4295138040557049
49,0.2,4,0.05,0.85,0.3,mclust,mclust_B,0.13468036551464127,0.256872261509327,0.46249694600537505
49,0.2,4,0.05,0.85,0.3,robust,robust_C,0.6861644153050959,0.6403293097295102,0.789396530662106
49,0.2,4,0.05,0.85,0.3,robust,robust_D,0.46359779811997853,0.6373664298841735,0.6506230149034937
50,0.2,6,0.05,0.8,0.5,mclust,mclust_A,0.13961893052580993,0.24264189171237377,0.48888345956511114
50,0.2,6,0.05,0.8,0.5,mclust,mclust_B,0.47705736552338834,0.5551545633104833,0.6503786953334962
50,0.2,6,0.05,0.8,0.5,robust,robust_C,0.4988995998996038,0.5864765177287297,0.638407036403616
50,0.2,6,0.05,0.8,0.5,robust,robust_D,0.5249686946356168,0.6730135121861245,0.6669924260933301
