ARI	NMI	tag	dim	alpha	lr	k	topN	lambda_recon	mask_ratio	epochs	pca_dim	refine_k	npz	metrics
0.5242048993073508	0.6598579007128762	d80_a050_lr001_k12_top36_l016_m010_e500	80	0.50	0.0010	12	36	0.16	0.10	500	8	0	/root/autodl-tmp/coronal mouse brain/TrainCluster_Search/d80_a050_lr001_k12_top36_l016_m010_e500.augK2_d80_for_cluster.npz	/root/autodl-tmp/coronal mouse brain/TrainCluster_Search/cluster/cluster_results/d80_a050_lr001_k12_top36_l016_m010_e500_mclust_p8_rk0.mclust.metrics.txt
0.49684275130182476	0.6291239643634917	d80_a050_lr001_k12_top36_l016_m010_e500	80	0.50	0.0010	12	36	0.16	0.10	500	8	3	/root/autodl-tmp/coronal mouse brain/TrainCluster_Search/d80_a050_lr001_k12_top36_l016_m010_e500.augK2_d80_for_cluster.npz	/root/autodl-tmp/coronal mouse brain/TrainCluster_Search/cluster/cluster_results/d80_a050_lr001_k12_top36_l016_m010_e500_mclust_p8_rk3.mclust.metrics.txt
0.5163207894614554	0.6672098666523206	d80_a050_lr001_k12_top36_l016_m010_e500	80	0.50	0.0010	12	36	0.16	0.10	500	10	0	/root/autodl-tmp/coronal mouse brain/TrainCluster_Search/d80_a050_lr001_k12_top36_l016_m010_e500.augK2_d80_for_cluster.npz	/root/autodl-tmp/coronal mouse brain/TrainCluster_Search/cluster/cluster_results/d80_a050_lr001_k12_top36_l016_m010_e500_mclust_p10_rk0.mclust.metrics.txt
0.47062875471957455	0.6220374293812191	d80_a050_lr001_k12_top36_l016_m010_e500	80	0.50	0.0010	12	36	0.16	0.10	500	10	3	/root/autodl-tmp/coronal mouse brain/TrainCluster_Search/d80_a050_lr001_k12_top36_l016_m010_e500.augK2_d80_for_cluster.npz	/root/autodl-tmp/coronal mouse brain/TrainCluster_Search/cluster/cluster_results/d80_a050_lr001_k12_top36_l016_m010_e500_mclust_p10_rk3.mclust.metrics.txt
0.5575868737811539	0.6967567077729713	d80_a050_lr001_k12_top36_l016_m010_e500	80	0.50	0.0010	12	36	0.16	0.10	500	12	0	/root/autodl-tmp/coronal mouse brain/TrainCluster_Search/d80_a050_lr001_k12_top36_l016_m010_e500.augK2_d80_for_cluster.npz	/root/autodl-tmp/coronal mouse brain/TrainCluster_Search/cluster/cluster_results/d80_a050_lr001_k12_top36_l016_m010_e500_mclust_p12_rk0.mclust.metrics.txt
0.48191897863121774	0.6337851081574577	d80_a050_lr001_k12_top36_l016_m010_e500	80	0.50	0.0010	12	36	0.16	0.10	500	12	3	/root/autodl-tmp/coronal mouse brain/TrainCluster_Search/d80_a050_lr001_k12_top36_l016_m010_e500.augK2_d80_for_cluster.npz	/root/autodl-tmp/coronal mouse brain/TrainCluster_Search/cluster/cluster_results/d80_a050_lr001_k12_top36_l016_m010_e500_mclust_p12_rk3.mclust.metrics.txt
0.5783409019419687	0.6960551619346942	d80_a050_lr001_k12_top36_l016_m010_e500	80	0.50	0.0010	12	36	0.16	0.10	500	14	0	/root/autodl-tmp/coronal mouse brain/TrainCluster_Search/d80_a050_lr001_k12_top36_l016_m010_e500.augK2_d80_for_cluster.npz	/root/autodl-tmp/coronal mouse brain/TrainCluster_Search/cluster/cluster_results/d80_a050_lr001_k12_top36_l016_m010_e500_mclust_p14_rk0.mclust.metrics.txt
0.5199135351641285	0.6489470099106946	d80_a050_lr001_k12_top36_l016_m010_e500	80	0.50	0.0010	12	36	0.16	0.10	500	14	3	/root/autodl-tmp/coronal mouse brain/TrainCluster_Search/d80_a050_lr001_k12_top36_l016_m010_e500.augK2_d80_for_cluster.npz	/root/autodl-tmp/coronal mouse brain/TrainCluster_Search/cluster/cluster_results/d80_a050_lr001_k12_top36_l016_m010_e500_mclust_p14_rk3.mclust.metrics.txt
0.5486924801134645	0.6982215798245919	d80_a050_lr001_k12_top36_l016_m010_e500	80	0.50	0.0010	12	36	0.16	0.10	500	16	0	/root/autodl-tmp/coronal mouse brain/TrainCluster_Search/d80_a050_lr001_k12_top36_l016_m010_e500.augK2_d80_for_cluster.npz	/root/autodl-tmp/coronal mouse brain/TrainCluster_Search/cluster/cluster_results/d80_a050_lr001_k12_top36_l016_m010_e500_mclust_p16_rk0.mclust.metrics.txt
0.4786757933809195	0.626254670378443	d80_a050_lr001_k12_top36_l016_m010_e500	80	0.50	0.0010	12	36	0.16	0.10	500	16	3	/root/autodl-tmp/coronal mouse brain/TrainCluster_Search/d80_a050_lr001_k12_top36_l016_m010_e500.augK2_d80_for_cluster.npz	/root/autodl-tmp/coronal mouse brain/TrainCluster_Search/cluster/cluster_results/d80_a050_lr001_k12_top36_l016_m010_e500_mclust_p16_rk3.mclust.metrics.txt
0.5745146159195696	0.6950884407186111	d80_a050_lr001_k12_top36_l016_m010_e500	80	0.50	0.0010	12	36	0.16	0.10	500	20	0	/root/autodl-tmp/coronal mouse brain/TrainCluster_Search/d80_a050_lr001_k12_top36_l016_m010_e500.augK2_d80_for_cluster.npz	/root/autodl-tmp/coronal mouse brain/TrainCluster_Search/cluster/cluster_results/d80_a050_lr001_k12_top36_l016_m010_e500_mclust_p20_rk0.mclust.metrics.txt
0.4854852047470382	0.6190939060039149	d80_a050_lr001_k12_top36_l016_m010_e500	80	0.50	0.0010	12	36	0.16	0.10	500	20	3	/root/autodl-tmp/coronal mouse brain/TrainCluster_Search/d80_a050_lr001_k12_top36_l016_m010_e500.augK2_d80_for_cluster.npz	/root/autodl-tmp/coronal mouse brain/TrainCluster_Search/cluster/cluster_results/d80_a050_lr001_k12_top36_l016_m010_e500_mclust_p20_rk3.mclust.metrics.txt
0.5698310821601718	0.6941225723665868	d80_a050_lr001_k12_top36_l016_m010_e500	80	0.50	0.0010	12	36	0.16	0.10	500	24	0	/root/autodl-tmp/coronal mouse brain/TrainCluster_Search/d80_a050_lr001_k12_top36_l016_m010_e500.augK2_d80_for_cluster.npz	/root/autodl-tmp/coronal mouse brain/TrainCluster_Search/cluster/cluster_results/d80_a050_lr001_k12_top36_l016_m010_e500_mclust_p24_rk0.mclust.metrics.txt
0.49720666376364947	0.6318391845868115	d80_a050_lr001_k12_top36_l016_m010_e500	80	0.50	0.0010	12	36	0.16	0.10	500	24	3	/root/autodl-tmp/coronal mouse brain/TrainCluster_Search/d80_a050_lr001_k12_top36_l016_m010_e500.augK2_d80_for_cluster.npz	/root/autodl-tmp/coronal mouse brain/TrainCluster_Search/cluster/cluster_results/d80_a050_lr001_k12_top36_l016_m010_e500_mclust_p24_rk3.mclust.metrics.txt
0.6008930730077041	0.7204047900442493	d80_a050_lr001_k12_top36_l016_m010_e500	80	0.50	0.0010	12	36	0.16	0.10	500	28	0	/root/autodl-tmp/coronal mouse brain/TrainCluster_Search/d80_a050_lr001_k12_top36_l016_m010_e500.augK2_d80_for_cluster.npz	/root/autodl-tmp/coronal mouse brain/TrainCluster_Search/cluster/cluster_results/d80_a050_lr001_k12_top36_l016_m010_e500_mclust_p28_rk0.mclust.metrics.txt
0.5124362913864359	0.6430363757317542	d80_a050_lr001_k12_top36_l016_m010_e500	80	0.50	0.0010	12	36	0.16	0.10	500	28	3	/root/autodl-tmp/coronal mouse brain/TrainCluster_Search/d80_a050_lr001_k12_top36_l016_m010_e500.augK2_d80_for_cluster.npz	/root/autodl-tmp/coronal mouse brain/TrainCluster_Search/cluster/cluster_results/d80_a050_lr001_k12_top36_l016_m010_e500_mclust_p28_rk3.mclust.metrics.txt
0.5118582005510063	0.6592011252594938	d80_a055_lr001_k12_top36_l016_m010_e500	80	0.55	0.0010	12	36	0.16	0.10	500	8	0	/root/autodl-tmp/coronal mouse brain/TrainCluster_Search/d80_a055_lr001_k12_top36_l016_m010_e500.augK2_d80_for_cluster.npz	/root/autodl-tmp/coronal mouse brain/TrainCluster_Search/cluster/cluster_results/d80_a055_lr001_k12_top36_l016_m010_e500_mclust_p8_rk0.mclust.metrics.txt
0.47942086700368874	0.6262579146284412	d80_a055_lr001_k12_top36_l016_m010_e500	80	0.55	0.0010	12	36	0.16	0.10	500	8	3	/root/autodl-tmp/coronal mouse brain/TrainCluster_Search/d80_a055_lr001_k12_top36_l016_m010_e500.augK2_d80_for_cluster.npz	/root/autodl-tmp/coronal mouse brain/TrainCluster_Search/cluster/cluster_results/d80_a055_lr001_k12_top36_l016_m010_e500_mclust_p8_rk3.mclust.metrics.txt
0.5576295333890888	0.6925778872884885	d80_a055_lr001_k12_top36_l016_m010_e500	80	0.55	0.0010	12	36	0.16	0.10	500	10	0	/root/autodl-tmp/coronal mouse brain/TrainCluster_Search/d80_a055_lr001_k12_top36_l016_m010_e500.augK2_d80_for_cluster.npz	/root/autodl-tmp/coronal mouse brain/TrainCluster_Search/cluster/cluster_results/d80_a055_lr001_k12_top36_l016_m010_e500_mclust_p10_rk0.mclust.metrics.txt
0.4932107979718814	0.6396853641137545	d80_a055_lr001_k12_top36_l016_m010_e500	80	0.55	0.0010	12	36	0.16	0.10	500	10	3	/root/autodl-tmp/coronal mouse brain/TrainCluster_Search/d80_a055_lr001_k12_top36_l016_m010_e500.augK2_d80_for_cluster.npz	/root/autodl-tmp/coronal mouse brain/TrainCluster_Search/cluster/cluster_results/d80_a055_lr001_k12_top36_l016_m010_e500_mclust_p10_rk3.mclust.metrics.txt
0.5878893145999939	0.7036148990723027	d80_a055_lr001_k12_top36_l016_m010_e500	80	0.55	0.0010	12	36	0.16	0.10	500	12	0	/root/autodl-tmp/coronal mouse brain/TrainCluster_Search/d80_a055_lr001_k12_top36_l016_m010_e500.augK2_d80_for_cluster.npz	/root/autodl-tmp/coronal mouse brain/TrainCluster_Search/cluster/cluster_results/d80_a055_lr001_k12_top36_l016_m010_e500_mclust_p12_rk0.mclust.metrics.txt
0.5125849595140378	0.648094325575314	d80_a055_lr001_k12_top36_l016_m010_e500	80	0.55	0.0010	12	36	0.16	0.10	500	12	3	/root/autodl-tmp/coronal mouse brain/TrainCluster_Search/d80_a055_lr001_k12_top36_l016_m010_e500.augK2_d80_for_cluster.npz	/root/autodl-tmp/coronal mouse brain/TrainCluster_Search/cluster/cluster_results/d80_a055_lr001_k12_top36_l016_m010_e500_mclust_p12_rk3.mclust.metrics.txt
0.6006980465263537	0.7282292980157762	d80_a055_lr001_k12_top36_l016_m010_e500	80	0.55	0.0010	12	36	0.16	0.10	500	14	0	/root/autodl-tmp/coronal mouse brain/TrainCluster_Search/d80_a055_lr001_k12_top36_l016_m010_e500.augK2_d80_for_cluster.npz	/root/autodl-tmp/coronal mouse brain/TrainCluster_Search/cluster/cluster_results/d80_a055_lr001_k12_top36_l016_m010_e500_mclust_p14_rk0.mclust.metrics.txt
0.5310902262136712	0.6584338387290455	d80_a055_lr001_k12_top36_l016_m010_e500	80	0.55	0.0010	12	36	0.16	0.10	500	14	3	/root/autodl-tmp/coronal mouse brain/TrainCluster_Search/d80_a055_lr001_k12_top36_l016_m010_e500.augK2_d80_for_cluster.npz	/root/autodl-tmp/coronal mouse brain/TrainCluster_Search/cluster/cluster_results/d80_a055_lr001_k12_top36_l016_m010_e500_mclust_p14_rk3.mclust.metrics.txt
0.5894633478498984	0.7221327976439708	d80_a055_lr001_k12_top36_l016_m010_e500	80	0.55	0.0010	12	36	0.16	0.10	500	16	0	/root/autodl-tmp/coronal mouse brain/TrainCluster_Search/d80_a055_lr001_k12_top36_l016_m010_e500.augK2_d80_for_cluster.npz	/root/autodl-tmp/coronal mouse brain/TrainCluster_Search/cluster/cluster_results/d80_a055_lr001_k12_top36_l016_m010_e500_mclust_p16_rk0.mclust.metrics.txt
0.508497096836324	0.64821675794361	d80_a055_lr001_k12_top36_l016_m010_e500	80	0.55	0.0010	12	36	0.16	0.10	500	16	3	/root/autodl-tmp/coronal mouse brain/TrainCluster_Search/d80_a055_lr001_k12_top36_l016_m010_e500.augK2_d80_for_cluster.npz	/root/autodl-tmp/coronal mouse brain/TrainCluster_Search/cluster/cluster_results/d80_a055_lr001_k12_top36_l016_m010_e500_mclust_p16_rk3.mclust.metrics.txt
0.6025674294475757	0.7246304865360549	d80_a055_lr001_k12_top36_l016_m010_e500	80	0.55	0.0010	12	36	0.16	0.10	500	20	0	/root/autodl-tmp/coronal mouse brain/TrainCluster_Search/d80_a055_lr001_k12_top36_l016_m010_e500.augK2_d80_for_cluster.npz	/root/autodl-tmp/coronal mouse brain/TrainCluster_Search/cluster/cluster_results/d80_a055_lr001_k12_top36_l016_m010_e500_mclust_p20_rk0.mclust.metrics.txt
0.5182306330406603	0.6493270613216922	d80_a055_lr001_k12_top36_l016_m010_e500	80	0.55	0.0010	12	36	0.16	0.10	500	20	3	/root/autodl-tmp/coronal mouse brain/TrainCluster_Search/d80_a055_lr001_k12_top36_l016_m010_e500.augK2_d80_for_cluster.npz	/root/autodl-tmp/coronal mouse brain/TrainCluster_Search/cluster/cluster_results/d80_a055_lr001_k12_top36_l016_m010_e500_mclust_p20_rk3.mclust.metrics.txt
0.6008300840317283	0.718436485308189	d80_a055_lr001_k12_top36_l016_m010_e500	80	0.55	0.0010	12	36	0.16	0.10	500	24	0	/root/autodl-tmp/coronal mouse brain/TrainCluster_Search/d80_a055_lr001_k12_top36_l016_m010_e500.augK2_d80_for_cluster.npz	/root/autodl-tmp/coronal mouse brain/TrainCluster_Search/cluster/cluster_results/d80_a055_lr001_k12_top36_l016_m010_e500_mclust_p24_rk0.mclust.metrics.txt
0.519052472846711	0.6523807438577477	d80_a055_lr001_k12_top36_l016_m010_e500	80	0.55	0.0010	12	36	0.16	0.10	500	24	3	/root/autodl-tmp/coronal mouse brain/TrainCluster_Search/d80_a055_lr001_k12_top36_l016_m010_e500.augK2_d80_for_cluster.npz	/root/autodl-tmp/coronal mouse brain/TrainCluster_Search/cluster/cluster_results/d80_a055_lr001_k12_top36_l016_m010_e500_mclust_p24_rk3.mclust.metrics.txt
0.5329824825998462	0.6893780045200069	d80_a055_lr001_k12_top36_l016_m010_e500	80	0.55	0.0010	12	36	0.16	0.10	500	28	0	/root/autodl-tmp/coronal mouse brain/TrainCluster_Search/d80_a055_lr001_k12_top36_l016_m010_e500.augK2_d80_for_cluster.npz	/root/autodl-tmp/coronal mouse brain/TrainCluster_Search/cluster/cluster_results/d80_a055_lr001_k12_top36_l016_m010_e500_mclust_p28_rk0.mclust.metrics.txt
0.4577100318054267	0.6167452443341516	d80_a055_lr001_k12_top36_l016_m010_e500	80	0.55	0.0010	12	36	0.16	0.10	500	28	3	/root/autodl-tmp/coronal mouse brain/TrainCluster_Search/d80_a055_lr001_k12_top36_l016_m010_e500.augK2_d80_for_cluster.npz	/root/autodl-tmp/coronal mouse brain/TrainCluster_Search/cluster/cluster_results/d80_a055_lr001_k12_top36_l016_m010_e500_mclust_p28_rk3.mclust.metrics.txt
0.42477982470276276	0.6205810328488466	d96_a050_lr001_k12_top36_l016_m010_e500	96	0.50	0.0010	12	36	0.16	0.10	500	8	0	/root/autodl-tmp/coronal mouse brain/TrainCluster_Search/d96_a050_lr001_k12_top36_l016_m010_e500.augK2_d96_for_cluster.npz	/root/autodl-tmp/coronal mouse brain/TrainCluster_Search/cluster/cluster_results/d96_a050_lr001_k12_top36_l016_m010_e500_mclust_p8_rk0.mclust.metrics.txt
0.4254149438998642	0.6112163842099723	d96_a050_lr001_k12_top36_l016_m010_e500	96	0.50	0.0010	12	36	0.16	0.10	500	8	3	/root/autodl-tmp/coronal mouse brain/TrainCluster_Search/d96_a050_lr001_k12_top36_l016_m010_e500.augK2_d96_for_cluster.npz	/root/autodl-tmp/coronal mouse brain/TrainCluster_Search/cluster/cluster_results/d96_a050_lr001_k12_top36_l016_m010_e500_mclust_p8_rk3.mclust.metrics.txt
0.4014436594649693	0.5999855765971545	d96_a050_lr001_k12_top36_l016_m010_e500	96	0.50	0.0010	12	36	0.16	0.10	500	10	0	/root/autodl-tmp/coronal mouse brain/TrainCluster_Search/d96_a050_lr001_k12_top36_l016_m010_e500.augK2_d96_for_cluster.npz	/root/autodl-tmp/coronal mouse brain/TrainCluster_Search/cluster/cluster_results/d96_a050_lr001_k12_top36_l016_m010_e500_mclust_p10_rk0.mclust.metrics.txt
0.38566069894222554	0.5779842273359854	d96_a050_lr001_k12_top36_l016_m010_e500	96	0.50	0.0010	12	36	0.16	0.10	500	10	3	/root/autodl-tmp/coronal mouse brain/TrainCluster_Search/d96_a050_lr001_k12_top36_l016_m010_e500.augK2_d96_for_cluster.npz	/root/autodl-tmp/coronal mouse brain/TrainCluster_Search/cluster/cluster_results/d96_a050_lr001_k12_top36_l016_m010_e500_mclust_p10_rk3.mclust.metrics.txt
0.4692633863364628	0.6624205275421591	d96_a050_lr001_k12_top36_l016_m010_e500	96	0.50	0.0010	12	36	0.16	0.10	500	12	0	/root/autodl-tmp/coronal mouse brain/TrainCluster_Search/d96_a050_lr001_k12_top36_l016_m010_e500.augK2_d96_for_cluster.npz	/root/autodl-tmp/coronal mouse brain/TrainCluster_Search/cluster/cluster_results/d96_a050_lr001_k12_top36_l016_m010_e500_mclust_p12_rk0.mclust.metrics.txt
0.4448691108983465	0.6314944412235876	d96_a050_lr001_k12_top36_l016_m010_e500	96	0.50	0.0010	12	36	0.16	0.10	500	12	3	/root/autodl-tmp/coronal mouse brain/TrainCluster_Search/d96_a050_lr001_k12_top36_l016_m010_e500.augK2_d96_for_cluster.npz	/root/autodl-tmp/coronal mouse brain/TrainCluster_Search/cluster/cluster_results/d96_a050_lr001_k12_top36_l016_m010_e500_mclust_p12_rk3.mclust.metrics.txt
0.5112274732168067	0.6758364126499669	d96_a050_lr001_k12_top36_l016_m010_e500	96	0.50	0.0010	12	36	0.16	0.10	500	14	0	/root/autodl-tmp/coronal mouse brain/TrainCluster_Search/d96_a050_lr001_k12_top36_l016_m010_e500.augK2_d96_for_cluster.npz	/root/autodl-tmp/coronal mouse brain/TrainCluster_Search/cluster/cluster_results/d96_a050_lr001_k12_top36_l016_m010_e500_mclust_p14_rk0.mclust.metrics.txt
0.47229835607152654	0.638208007873837	d96_a050_lr001_k12_top36_l016_m010_e500	96	0.50	0.0010	12	36	0.16	0.10	500	14	3	/root/autodl-tmp/coronal mouse brain/TrainCluster_Search/d96_a050_lr001_k12_top36_l016_m010_e500.augK2_d96_for_cluster.npz	/root/autodl-tmp/coronal mouse brain/TrainCluster_Search/cluster/cluster_results/d96_a050_lr001_k12_top36_l016_m010_e500_mclust_p14_rk3.mclust.metrics.txt
0.5590612280527639	0.6898169869272041	d96_a050_lr001_k12_top36_l016_m010_e500	96	0.50	0.0010	12	36	0.16	0.10	500	16	0	/root/autodl-tmp/coronal mouse brain/TrainCluster_Search/d96_a050_lr001_k12_top36_l016_m010_e500.augK2_d96_for_cluster.npz	/root/autodl-tmp/coronal mouse brain/TrainCluster_Search/cluster/cluster_results/d96_a050_lr001_k12_top36_l016_m010_e500_mclust_p16_rk0.mclust.metrics.txt
0.5001169907817122	0.6419633661734981	d96_a050_lr001_k12_top36_l016_m010_e500	96	0.50	0.0010	12	36	0.16	0.10	500	16	3	/root/autodl-tmp/coronal mouse brain/TrainCluster_Search/d96_a050_lr001_k12_top36_l016_m010_e500.augK2_d96_for_cluster.npz	/root/autodl-tmp/coronal mouse brain/TrainCluster_Search/cluster/cluster_results/d96_a050_lr001_k12_top36_l016_m010_e500_mclust_p16_rk3.mclust.metrics.txt
0.6006042507226497	0.7232420996045454	d96_a050_lr001_k12_top36_l016_m010_e500	96	0.50	0.0010	12	36	0.16	0.10	500	20	0	/root/autodl-tmp/coronal mouse brain/TrainCluster_Search/d96_a050_lr001_k12_top36_l016_m010_e500.augK2_d96_for_cluster.npz	/root/autodl-tmp/coronal mouse brain/TrainCluster_Search/cluster/cluster_results/d96_a050_lr001_k12_top36_l016_m010_e500_mclust_p20_rk0.mclust.metrics.txt
0.5147245397346993	0.6549160241602571	d96_a050_lr001_k12_top36_l016_m010_e500	96	0.50	0.0010	12	36	0.16	0.10	500	20	3	/root/autodl-tmp/coronal mouse brain/TrainCluster_Search/d96_a050_lr001_k12_top36_l016_m010_e500.augK2_d96_for_cluster.npz	/root/autodl-tmp/coronal mouse brain/TrainCluster_Search/cluster/cluster_results/d96_a050_lr001_k12_top36_l016_m010_e500_mclust_p20_rk3.mclust.metrics.txt
0.5404482907193942	0.7048050005271331	d96_a050_lr001_k12_top36_l016_m010_e500	96	0.50	0.0010	12	36	0.16	0.10	500	24	0	/root/autodl-tmp/coronal mouse brain/TrainCluster_Search/d96_a050_lr001_k12_top36_l016_m010_e500.augK2_d96_for_cluster.npz	/root/autodl-tmp/coronal mouse brain/TrainCluster_Search/cluster/cluster_results/d96_a050_lr001_k12_top36_l016_m010_e500_mclust_p24_rk0.mclust.metrics.txt
0.4832268451267757	0.6365809289836933	d96_a050_lr001_k12_top36_l016_m010_e500	96	0.50	0.0010	12	36	0.16	0.10	500	24	3	/root/autodl-tmp/coronal mouse brain/TrainCluster_Search/d96_a050_lr001_k12_top36_l016_m010_e500.augK2_d96_for_cluster.npz	/root/autodl-tmp/coronal mouse brain/TrainCluster_Search/cluster/cluster_results/d96_a050_lr001_k12_top36_l016_m010_e500_mclust_p24_rk3.mclust.metrics.txt
0.5862349062095457	0.7141822349355189	d96_a050_lr001_k12_top36_l016_m010_e500	96	0.50	0.0010	12	36	0.16	0.10	500	28	0	/root/autodl-tmp/coronal mouse brain/TrainCluster_Search/d96_a050_lr001_k12_top36_l016_m010_e500.augK2_d96_for_cluster.npz	/root/autodl-tmp/coronal mouse brain/TrainCluster_Search/cluster/cluster_results/d96_a050_lr001_k12_top36_l016_m010_e500_mclust_p28_rk0.mclust.metrics.txt
0.5192453161537702	0.6494062764063965	d96_a050_lr001_k12_top36_l016_m010_e500	96	0.50	0.0010	12	36	0.16	0.10	500	28	3	/root/autodl-tmp/coronal mouse brain/TrainCluster_Search/d96_a050_lr001_k12_top36_l016_m010_e500.augK2_d96_for_cluster.npz	/root/autodl-tmp/coronal mouse brain/TrainCluster_Search/cluster/cluster_results/d96_a050_lr001_k12_top36_l016_m010_e500_mclust_p28_rk3.mclust.metrics.txt
0.45588165149274285	0.6332200032115435	d80_a045_lr0008_k10_top28_l014_m012_e500	80	0.45	0.0008	10	28	0.14	0.12	500	8	0	/root/autodl-tmp/coronal mouse brain/TrainCluster_Search/d80_a045_lr0008_k10_top28_l014_m012_e500.augK2_d80_for_cluster.npz	/root/autodl-tmp/coronal mouse brain/TrainCluster_Search/cluster/cluster_results/d80_a045_lr0008_k10_top28_l014_m012_e500_mclust_p8_rk0.mclust.metrics.txt
0.4213497267046401	0.6002606574810566	d80_a045_lr0008_k10_top28_l014_m012_e500	80	0.45	0.0008	10	28	0.14	0.12	500	8	3	/root/autodl-tmp/coronal mouse brain/TrainCluster_Search/d80_a045_lr0008_k10_top28_l014_m012_e500.augK2_d80_for_cluster.npz	/root/autodl-tmp/coronal mouse brain/TrainCluster_Search/cluster/cluster_results/d80_a045_lr0008_k10_top28_l014_m012_e500_mclust_p8_rk3.mclust.metrics.txt
0.5967536709576263	0.7090153252211338	d80_a045_lr0008_k10_top28_l014_m012_e500	80	0.45	0.0008	10	28	0.14	0.12	500	10	0	/root/autodl-tmp/coronal mouse brain/TrainCluster_Search/d80_a045_lr0008_k10_top28_l014_m012_e500.augK2_d80_for_cluster.npz	/root/autodl-tmp/coronal mouse brain/TrainCluster_Search/cluster/cluster_results/d80_a045_lr0008_k10_top28_l014_m012_e500_mclust_p10_rk0.mclust.metrics.txt
0.5474825653192733	0.6651570979721678	d80_a045_lr0008_k10_top28_l014_m012_e500	80	0.45	0.0008	10	28	0.14	0.12	500	10	3	/root/autodl-tmp/coronal mouse brain/TrainCluster_Search/d80_a045_lr0008_k10_top28_l014_m012_e500.augK2_d80_for_cluster.npz	/root/autodl-tmp/coronal mouse brain/TrainCluster_Search/cluster/cluster_results/d80_a045_lr0008_k10_top28_l014_m012_e500_mclust_p10_rk3.mclust.metrics.txt
0.5910600472816393	0.710863783207488	d80_a045_lr0008_k10_top28_l014_m012_e500	80	0.45	0.0008	10	28	0.14	0.12	500	12	0	/root/autodl-tmp/coronal mouse brain/TrainCluster_Search/d80_a045_lr0008_k10_top28_l014_m012_e500.augK2_d80_for_cluster.npz	/root/autodl-tmp/coronal mouse brain/TrainCluster_Search/cluster/cluster_results/d80_a045_lr0008_k10_top28_l014_m012_e500_mclust_p12_rk0.mclust.metrics.txt
0.533112897425026	0.6602660086536916	d80_a045_lr0008_k10_top28_l014_m012_e500	80	0.45	0.0008	10	28	0.14	0.12	500	12	3	/root/autodl-tmp/coronal mouse brain/TrainCluster_Search/d80_a045_lr0008_k10_top28_l014_m012_e500.augK2_d80_for_cluster.npz	/root/autodl-tmp/coronal mouse brain/TrainCluster_Search/cluster/cluster_results/d80_a045_lr0008_k10_top28_l014_m012_e500_mclust_p12_rk3.mclust.metrics.txt
0.6173412686700139	0.7274916588830734	d80_a045_lr0008_k10_top28_l014_m012_e500	80	0.45	0.0008	10	28	0.14	0.12	500	14	0	/root/autodl-tmp/coronal mouse brain/TrainCluster_Search/d80_a045_lr0008_k10_top28_l014_m012_e500.augK2_d80_for_cluster.npz	/root/autodl-tmp/coronal mouse brain/TrainCluster_Search/cluster/cluster_results/d80_a045_lr0008_k10_top28_l014_m012_e500_mclust_p14_rk0.mclust.metrics.txt
0.5431900687727069	0.6614164217621689	d80_a045_lr0008_k10_top28_l014_m012_e500	80	0.45	0.0008	10	28	0.14	0.12	500	14	3	/root/autodl-tmp/coronal mouse brain/TrainCluster_Search/d80_a045_lr0008_k10_top28_l014_m012_e500.augK2_d80_for_cluster.npz	/root/autodl-tmp/coronal mouse brain/TrainCluster_Search/cluster/cluster_results/d80_a045_lr0008_k10_top28_l014_m012_e500_mclust_p14_rk3.mclust.metrics.txt
0.6173921809148488	0.7371347694344378	d80_a045_lr0008_k10_top28_l014_m012_e500	80	0.45	0.0008	10	28	0.14	0.12	500	16	0	/root/autodl-tmp/coronal mouse brain/TrainCluster_Search/d80_a045_lr0008_k10_top28_l014_m012_e500.augK2_d80_for_cluster.npz	/root/autodl-tmp/coronal mouse brain/TrainCluster_Search/cluster/cluster_results/d80_a045_lr0008_k10_top28_l014_m012_e500_mclust_p16_rk0.mclust.metrics.txt
0.5515273050965378	0.6723822538483423	d80_a045_lr0008_k10_top28_l014_m012_e500	80	0.45	0.0008	10	28	0.14	0.12	500	16	3	/root/autodl-tmp/coronal mouse brain/TrainCluster_Search/d80_a045_lr0008_k10_top28_l014_m012_e500.augK2_d80_for_cluster.npz	/root/autodl-tmp/coronal mouse brain/TrainCluster_Search/cluster/cluster_results/d80_a045_lr0008_k10_top28_l014_m012_e500_mclust_p16_rk3.mclust.metrics.txt
0.5663936377539073	0.7033854405304307	d80_a045_lr0008_k10_top28_l014_m012_e500	80	0.45	0.0008	10	28	0.14	0.12	500	20	0	/root/autodl-tmp/coronal mouse brain/TrainCluster_Search/d80_a045_lr0008_k10_top28_l014_m012_e500.augK2_d80_for_cluster.npz	/root/autodl-tmp/coronal mouse brain/TrainCluster_Search/cluster/cluster_results/d80_a045_lr0008_k10_top28_l014_m012_e500_mclust_p20_rk0.mclust.metrics.txt
0.5027740199554566	0.6435425139865855	d80_a045_lr0008_k10_top28_l014_m012_e500	80	0.45	0.0008	10	28	0.14	0.12	500	20	3	/root/autodl-tmp/coronal mouse brain/TrainCluster_Search/d80_a045_lr0008_k10_top28_l014_m012_e500.augK2_d80_for_cluster.npz	/root/autodl-tmp/coronal mouse brain/TrainCluster_Search/cluster/cluster_results/d80_a045_lr0008_k10_top28_l014_m012_e500_mclust_p20_rk3.mclust.metrics.txt
0.6265219979532363	0.7193521144477738	d80_a045_lr0008_k10_top28_l014_m012_e500	80	0.45	0.0008	10	28	0.14	0.12	500	24	0	/root/autodl-tmp/coronal mouse brain/TrainCluster_Search/d80_a045_lr0008_k10_top28_l014_m012_e500.augK2_d80_for_cluster.npz	/root/autodl-tmp/coronal mouse brain/TrainCluster_Search/cluster/cluster_results/d80_a045_lr0008_k10_top28_l014_m012_e500_mclust_p24_rk0.mclust.metrics.txt
0.5558093041397225	0.659952226196397	d80_a045_lr0008_k10_top28_l014_m012_e500	80	0.45	0.0008	10	28	0.14	0.12	500	24	3	/root/autodl-tmp/coronal mouse brain/TrainCluster_Search/d80_a045_lr0008_k10_top28_l014_m012_e500.augK2_d80_for_cluster.npz	/root/autodl-tmp/coronal mouse brain/TrainCluster_Search/cluster/cluster_results/d80_a045_lr0008_k10_top28_l014_m012_e500_mclust_p24_rk3.mclust.metrics.txt
0.6093360495574419	0.7165703915568241	d80_a045_lr0008_k10_top28_l014_m012_e500	80	0.45	0.0008	10	28	0.14	0.12	500	28	0	/root/autodl-tmp/coronal mouse brain/TrainCluster_Search/d80_a045_lr0008_k10_top28_l014_m012_e500.augK2_d80_for_cluster.npz	/root/autodl-tmp/coronal mouse brain/TrainCluster_Search/cluster/cluster_results/d80_a045_lr0008_k10_top28_l014_m012_e500_mclust_p28_rk0.mclust.metrics.txt
0.5202180440054635	0.6414400170805018	d80_a045_lr0008_k10_top28_l014_m012_e500	80	0.45	0.0008	10	28	0.14	0.12	500	28	3	/root/autodl-tmp/coronal mouse brain/TrainCluster_Search/d80_a045_lr0008_k10_top28_l014_m012_e500.augK2_d80_for_cluster.npz	/root/autodl-tmp/coronal mouse brain/TrainCluster_Search/cluster/cluster_results/d80_a045_lr0008_k10_top28_l014_m012_e500_mclust_p28_rk3.mclust.metrics.txt
0.4344713148781661	0.6327977765729209	d128_a050_lr0008_k12_top48_l016_m010_e500	128	0.50	0.0008	12	48	0.16	0.10	500	8	0	/root/autodl-tmp/coronal mouse brain/TrainCluster_Search/d128_a050_lr0008_k12_top48_l016_m010_e500.augK2_d128_for_cluster.npz	/root/autodl-tmp/coronal mouse brain/TrainCluster_Search/cluster/cluster_results/d128_a050_lr0008_k12_top48_l016_m010_e500_mclust_p8_rk0.mclust.metrics.txt
0.40208786912500416	0.5899676261252096	d128_a050_lr0008_k12_top48_l016_m010_e500	128	0.50	0.0008	12	48	0.16	0.10	500	8	3	/root/autodl-tmp/coronal mouse brain/TrainCluster_Search/d128_a050_lr0008_k12_top48_l016_m010_e500.augK2_d128_for_cluster.npz	/root/autodl-tmp/coronal mouse brain/TrainCluster_Search/cluster/cluster_results/d128_a050_lr0008_k12_top48_l016_m010_e500_mclust_p8_rk3.mclust.metrics.txt
0.5567063051948553	0.6826606894833974	d128_a050_lr0008_k12_top48_l016_m010_e500	128	0.50	0.0008	12	48	0.16	0.10	500	10	0	/root/autodl-tmp/coronal mouse brain/TrainCluster_Search/d128_a050_lr0008_k12_top48_l016_m010_e500.augK2_d128_for_cluster.npz	/root/autodl-tmp/coronal mouse brain/TrainCluster_Search/cluster/cluster_results/d128_a050_lr0008_k12_top48_l016_m010_e500_mclust_p10_rk0.mclust.metrics.txt
0.5072894719364494	0.6415964029959395	d128_a050_lr0008_k12_top48_l016_m010_e500	128	0.50	0.0008	12	48	0.16	0.10	500	10	3	/root/autodl-tmp/coronal mouse brain/TrainCluster_Search/d128_a050_lr0008_k12_top48_l016_m010_e500.augK2_d128_for_cluster.npz	/root/autodl-tmp/coronal mouse brain/TrainCluster_Search/cluster/cluster_results/d128_a050_lr0008_k12_top48_l016_m010_e500_mclust_p10_rk3.mclust.metrics.txt
0.5869422339257637	0.69275650858025	d128_a050_lr0008_k12_top48_l016_m010_e500	128	0.50	0.0008	12	48	0.16	0.10	500	12	0	/root/autodl-tmp/coronal mouse brain/TrainCluster_Search/d128_a050_lr0008_k12_top48_l016_m010_e500.augK2_d128_for_cluster.npz	/root/autodl-tmp/coronal mouse brain/TrainCluster_Search/cluster/cluster_results/d128_a050_lr0008_k12_top48_l016_m010_e500_mclust_p12_rk0.mclust.metrics.txt
0.5619197298579591	0.6557993556089385	d128_a050_lr0008_k12_top48_l016_m010_e500	128	0.50	0.0008	12	48	0.16	0.10	500	12	3	/root/autodl-tmp/coronal mouse brain/TrainCluster_Search/d128_a050_lr0008_k12_top48_l016_m010_e500.augK2_d128_for_cluster.npz	/root/autodl-tmp/coronal mouse brain/TrainCluster_Search/cluster/cluster_results/d128_a050_lr0008_k12_top48_l016_m010_e500_mclust_p12_rk3.mclust.metrics.txt
0.5419165142989543	0.6776311293632719	d128_a050_lr0008_k12_top48_l016_m010_e500	128	0.50	0.0008	12	48	0.16	0.10	500	14	0	/root/autodl-tmp/coronal mouse brain/TrainCluster_Search/d128_a050_lr0008_k12_top48_l016_m010_e500.augK2_d128_for_cluster.npz	/root/autodl-tmp/coronal mouse brain/TrainCluster_Search/cluster/cluster_results/d128_a050_lr0008_k12_top48_l016_m010_e500_mclust_p14_rk0.mclust.metrics.txt
0.49257014051932646	0.6250272773872421	d128_a050_lr0008_k12_top48_l016_m010_e500	128	0.50	0.0008	12	48	0.16	0.10	500	14	3	/root/autodl-tmp/coronal mouse brain/TrainCluster_Search/d128_a050_lr0008_k12_top48_l016_m010_e500.augK2_d128_for_cluster.npz	/root/autodl-tmp/coronal mouse brain/TrainCluster_Search/cluster/cluster_results/d128_a050_lr0008_k12_top48_l016_m010_e500_mclust_p14_rk3.mclust.metrics.txt
0.5669322101037922	0.6886462804771574	d128_a050_lr0008_k12_top48_l016_m010_e500	128	0.50	0.0008	12	48	0.16	0.10	500	16	0	/root/autodl-tmp/coronal mouse brain/TrainCluster_Search/d128_a050_lr0008_k12_top48_l016_m010_e500.augK2_d128_for_cluster.npz	/root/autodl-tmp/coronal mouse brain/TrainCluster_Search/cluster/cluster_results/d128_a050_lr0008_k12_top48_l016_m010_e500_mclust_p16_rk0.mclust.metrics.txt
0.5068370318728387	0.6320139984336784	d128_a050_lr0008_k12_top48_l016_m010_e500	128	0.50	0.0008	12	48	0.16	0.10	500	16	3	/root/autodl-tmp/coronal mouse brain/TrainCluster_Search/d128_a050_lr0008_k12_top48_l016_m010_e500.augK2_d128_for_cluster.npz	/root/autodl-tmp/coronal mouse brain/TrainCluster_Search/cluster/cluster_results/d128_a050_lr0008_k12_top48_l016_m010_e500_mclust_p16_rk3.mclust.metrics.txt
0.599402603116728	0.7090652183857031	d128_a050_lr0008_k12_top48_l016_m010_e500	128	0.50	0.0008	12	48	0.16	0.10	500	20	0	/root/autodl-tmp/coronal mouse brain/TrainCluster_Search/d128_a050_lr0008_k12_top48_l016_m010_e500.augK2_d128_for_cluster.npz	/root/autodl-tmp/coronal mouse brain/TrainCluster_Search/cluster/cluster_results/d128_a050_lr0008_k12_top48_l016_m010_e500_mclust_p20_rk0.mclust.metrics.txt
0.5294197260671152	0.6451164642279126	d128_a050_lr0008_k12_top48_l016_m010_e500	128	0.50	0.0008	12	48	0.16	0.10	500	20	3	/root/autodl-tmp/coronal mouse brain/TrainCluster_Search/d128_a050_lr0008_k12_top48_l016_m010_e500.augK2_d128_for_cluster.npz	/root/autodl-tmp/coronal mouse brain/TrainCluster_Search/cluster/cluster_results/d128_a050_lr0008_k12_top48_l016_m010_e500_mclust_p20_rk3.mclust.metrics.txt
0.5575561020226293	0.6949485456368576	d128_a050_lr0008_k12_top48_l016_m010_e500	128	0.50	0.0008	12	48	0.16	0.10	500	24	0	/root/autodl-tmp/coronal mouse brain/TrainCluster_Search/d128_a050_lr0008_k12_top48_l016_m010_e500.augK2_d128_for_cluster.npz	/root/autodl-tmp/coronal mouse brain/TrainCluster_Search/cluster/cluster_results/d128_a050_lr0008_k12_top48_l016_m010_e500_mclust_p24_rk0.mclust.metrics.txt
0.48639763191952906	0.6280207191640313	d128_a050_lr0008_k12_top48_l016_m010_e500	128	0.50	0.0008	12	48	0.16	0.10	500	24	3	/root/autodl-tmp/coronal mouse brain/TrainCluster_Search/d128_a050_lr0008_k12_top48_l016_m010_e500.augK2_d128_for_cluster.npz	/root/autodl-tmp/coronal mouse brain/TrainCluster_Search/cluster/cluster_results/d128_a050_lr0008_k12_top48_l016_m010_e500_mclust_p24_rk3.mclust.metrics.txt
0.5140945535922129	0.6775772150576173	d128_a050_lr0008_k12_top48_l016_m010_e500	128	0.50	0.0008	12	48	0.16	0.10	500	28	0	/root/autodl-tmp/coronal mouse brain/TrainCluster_Search/d128_a050_lr0008_k12_top48_l016_m010_e500.augK2_d128_for_cluster.npz	/root/autodl-tmp/coronal mouse brain/TrainCluster_Search/cluster/cluster_results/d128_a050_lr0008_k12_top48_l016_m010_e500_mclust_p28_rk0.mclust.metrics.txt
0.4654997456170231	0.618033257139787	d128_a050_lr0008_k12_top48_l016_m010_e500	128	0.50	0.0008	12	48	0.16	0.10	500	28	3	/root/autodl-tmp/coronal mouse brain/TrainCluster_Search/d128_a050_lr0008_k12_top48_l016_m010_e500.augK2_d128_for_cluster.npz	/root/autodl-tmp/coronal mouse brain/TrainCluster_Search/cluster/cluster_results/d128_a050_lr0008_k12_top48_l016_m010_e500_mclust_p28_rk3.mclust.metrics.txt
