Configuration,ARI,NMI,ACC,n_clusters
trial_10_mclust_A,0.2862772011492269,0.3822531247305754,0.5780601026142194,5
trial_10_mclust_B,0.48317130661838575,0.5620103990344013,0.6503786953334962,5
trial_10_robust_C,0.5200358819593812,0.6004229405331372,0.7011971658929881,5
trial_10_robust_D,0.5216146841240829,0.6714036349107552,0.679697043733203,5
trial_11_mclust_A,0.12071073363846344,0.25502802359216925,0.44295138040557047,5
trial_11_mclust_B,0.16092532857237926,0.28293627389014403,0.5030539946249695,5
trial_11_robust_C,0.4720879976477193,0.562536559913286,0.6276569753237234,5
trial_11_robust_D,0.5307636613434268,0.6657355391349881,0.6875152699731248,5
trial_12_mclust_A,0.12974701550653495,0.22755819551549053,0.4725140483752749,4
trial_12_mclust_B,0.4250243000658176,0.498577834831672,0.6349865624236501,5
trial_12_robust_C,0.2694290762211525,0.5075553529119966,0.4722697288052773,5
trial_12_robust_D,0.5260143821471316,0.6760408574444177,0.6735890544832641,5
trial_13_mclust_A,0.4094667597717157,0.5047621718482733,0.6303444905936966,5
trial_13_mclust_B,0.5968487260389689,0.6101335268082597,0.7016858050329832,4
trial_13_robust_C,0.4338424097920861,0.6031041337526053,0.5919863181040801,5
trial_13_robust_D,0.5499164642645897,0.6830795431150256,0.6880039091131199,5
trial_14_mclust_A,0.21980034644176913,0.2771230875796523,0.5438553628145615,5
trial_14_mclust_B,0.45007615131767215,0.5210522006049895,0.6547764475934522,5
trial_14_robust_C,0.4782555789784363,0.5873592212277915,0.6088443684339115,5
trial_14_robust_D,0.47704576605316734,0.6364013008663989,0.6687026630833129,5
trial_15_mclust_A,0.12774314350384813,0.26520790972779845,0.4637185438553628,5
trial_15_mclust_B,0.14321099436700785,0.2523361113944165,0.48424138773515757,5
trial_15_robust_C,0.4660114955962392,0.5992248108561096,0.6078670901539214,5
trial_15_robust_D,0.5183925145554392,0.6661067472446454,0.6862936721231371,5
trial_16_mclust_A,0.3921280088633797,0.401301509226888,0.6298558514537015,5
trial_16_mclust_B,0.4739504251417263,0.5526419939397161,0.6430491082335695,5
trial_16_robust_C,0.5259881179719265,0.6151026233595056,0.6909357439530907,5
trial_16_robust_D,0.527911388222952,0.6729803025833742,0.6721231370632788,5
trial_17_mclust_A,0.14973986609514425,0.2645794721988162,0.49474712924505254,4
trial_17_mclust_B,0.5977145440785328,0.6149111229710453,0.7041290007329587,4
trial_17_robust_C,0.45592667292230105,0.610988732552483,0.5807476178841925,5
trial_17_robust_D,0.5458657307391996,0.676838200262454,0.6980210114830198,5
trial_18_mclust_A,0.14803301637605912,0.2526126790735971,0.4903493769850965,4
trial_18_mclust_B,0.4105962475379838,0.4991895193369952,0.6320547275836794,5
trial_18_robust_C,0.6458020107774683,0.6114903930750931,0.7212313706327876,5
trial_18_robust_D,0.5303449332260965,0.670228293691437,0.684094795993159,5
trial_19_mclust_A,0.1300974597850216,0.2691673795887403,0.47373564622526265,5
trial_19_mclust_B,0.12498062502205119,0.2556060992871437,0.45736623503542634,4
trial_19_robust_C,0.5326932146572187,0.6177777617426978,0.7134131443928659,5
trial_19_robust_D,0.5179046236890152,0.6671169801197695,0.6779868067432201,5
trial_1_mclust_A,0.1254200548071192,0.26148836165294187,0.45834351331541656,4
trial_1_mclust_B,0.14792806016328383,0.2653516207899482,0.4893720987051063,4
trial_1_robust_C,0.46099937310546624,0.6030948806097144,0.5900317615440996,5
trial_1_robust_D,0.5225227079664485,0.6682400494134689,0.6669924260933301,5
trial_20_mclust_A,0.15123620902391013,0.27603310816249954,0.49816760322501835,5
trial_20_mclust_B,0.5224206731880493,0.5728557369552584,0.6799413633032005,5
trial_20_robust_C,0.5169801230351023,0.6075196786727312,0.6716344979232837,5
trial_20_robust_D,0.5322501956844059,0.6872000929938009,0.6750549719032495,5
trial_21_mclust_A,0.16430148139736442,0.27862322189042166,0.5157586122648424,5
trial_21_mclust_B,0.5704740805528632,0.5949000839319106,0.6977766919130223,4
trial_21_robust_C,0.7951023995806984,0.7337097251323239,0.8712435866112875,5
trial_21_robust_D,0.531976244179143,0.6778583665609861,0.6811629611531884,5
trial_22_mclust_A,0.4357042530647749,0.5190035608372061,0.6486684583435133,5
trial_22_mclust_B,0.5807167774241973,0.598047888456049,0.6997312484730027,5
trial_22_robust_C,0.4916901846823529,0.625176556140838,0.604690935743953,5
trial_22_robust_D,0.5678053415095454,0.7009093878212052,0.6992426093330075,5
trial_23_mclust_A,0.12119043501105908,0.26867826584941373,0.4578548741754215,4
trial_23_mclust_B,0.580752259032745,0.5922893716656376,0.7007085267529929,4
trial_23_robust_C,0.5529634920242256,0.6541912147696346,0.7207427314927926,5
trial_23_robust_D,0.5535869495784456,0.6807333059375571,0.69899828976301,5
trial_24_mclust_A,0.2930531868216109,0.33102944617876273,0.5768385047642316,4
trial_24_mclust_B,0.3832045200360815,0.49615169740020987,0.5863669679941363,5
trial_24_robust_C,0.5433290098177874,0.6076881091207076,0.7200097727827999,5
trial_24_robust_D,0.488561282150021,0.6520794667754026,0.679208404593208,5
trial_25_mclust_A,0.18004936899055504,0.3014441223275221,0.5228438797947715,4
trial_25_mclust_B,0.4671671245811429,0.5256459374796906,0.6569753237234303,5
trial_25_robust_C,0.5370374249670344,0.608861084305849,0.7290495968727095,5
trial_25_robust_D,0.49437512031486774,0.648149812061228,0.6811629611531884,5
trial_26_mclust_A,0.1120337100966624,0.24596244564187156,0.43806498900561935,5
trial_26_mclust_B,0.5390542501104795,0.5476130538749081,0.6845834351331541,5
trial_26_robust_C,0.4875621385561265,0.5897171923831878,0.6237478622037625,5
trial_26_robust_D,0.4930897670254572,0.6502710722694139,0.6704129000732959,5
trial_27_mclust_A,0.45725721079161724,0.475676181843489,0.6591741998534083,5
trial_27_mclust_B,0.5271673605879361,0.5775663815404349,0.6757879306132422,5
trial_27_robust_C,0.5488772996167189,0.6413230544206004,0.7185438553628145,5
trial_27_robust_D,0.511821840674282,0.6687230018949089,0.6706572196432934,5
trial_28_mclust_A,0.12172164437259075,0.2766864343892003,0.46396286342536036,5
trial_28_mclust_B,0.14768976757366842,0.27635571397414266,0.4864402638651356,4
trial_28_robust_C,0.4130482389646498,0.5656733973395494,0.5836794527241632,5
trial_28_robust_D,0.5088328123905485,0.6682986102178317,0.6706572196432934,5
trial_29_mclust_A,0.1424174995902097,0.2369793520339479,0.4893720987051063,5
trial_29_mclust_B,0.5325088764039192,0.5491901442001725,0.6804300024431957,5
trial_29_robust_C,0.5167766860190061,0.5906099362844894,0.7011971658929881,5
trial_29_robust_D,0.49033582201775217,0.6439724683596545,0.6801856828731981,5
trial_2_mclust_A,0.1282631943399085,0.26123300193618476,0.45907647202540924,5
trial_2_mclust_B,0.5844731139137932,0.5800287489831254,0.6928903005130711,5
trial_2_robust_C,0.5430765675378203,0.6248682789027298,0.7139017835328609,5
trial_2_robust_D,0.5220020908160062,0.6711183186038148,0.6855607134131444,5
trial_30_mclust_A,0.15213458045661604,0.2769913952842105,0.5030539946249695,5
trial_30_mclust_B,0.5307375413468503,0.5811772481670529,0.6801856828731981,5
trial_30_robust_C,0.5424673535460205,0.6314770566309493,0.7136574639628634,5
trial_30_robust_D,0.5069818651916511,0.6643161007645284,0.6814072807231859,5
trial_31_mclust_A,0.11643765389053959,0.26346542984653265,0.44099682384559,5
trial_31_mclust_B,0.553918144942824,0.5643778591972399,0.6887368678231126,5
trial_31_robust_C,0.39446376354260837,0.5471251560226336,0.5719521133642804,5
trial_31_robust_D,0.525994272790182,0.6666766916163266,0.6855607134131444,5
trial_32_mclust_A,0.13365430821472404,0.2383305724342024,0.47691180063523086,5
trial_32_mclust_B,0.49445068773213124,0.5449404150013273,0.6616173955533838,5
trial_32_robust_C,0.5414723568385181,0.5988198080802858,0.729293916442707,5
trial_32_robust_D,0.5146283412943491,0.6616743679001851,0.6789640850232104,5
trial_33_mclust_A,0.49694471118820205,0.5506318827344475,0.6669924260933301,4
trial_33_mclust_B,0.5024041758574702,0.5643468076917411,0.662594673833374,5
trial_33_robust_C,0.47582618894136863,0.6151008720017371,0.5963840703640362,5
trial_33_robust_D,0.544615197145049,0.6767536610339369,0.6877595895431224,5
trial_34_mclust_A,0.306379623396772,0.4207839639910001,0.6037136574639629,4
trial_34_mclust_B,0.523136802400247,0.5687239504745208,0.6755436110432446,5
trial_34_robust_C,0.41945405305068845,0.5553310776353357,0.6032250183239678,5
trial_34_robust_D,0.5161260061556677,0.6711705887344527,0.6755436110432446,5
trial_35_mclust_A,0.477737631779219,0.5056969832650113,0.6687026630833129,4
trial_35_mclust_B,0.49262587711125483,0.5590968189236833,0.6618617151233814,4
trial_35_robust_C,0.4471752050532534,0.600926596954579,0.5973613486440263,5
trial_35_robust_D,0.5446394921418968,0.6812783943730242,0.6916687026630833,5
trial_36_mclust_A,0.12381353945843852,0.263306207492081,0.4519912044954801,5
trial_36_mclust_B,0.5621483106440726,0.5723557068575648,0.6884925482531151,5
trial_36_robust_C,0.4881487307949509,0.6037194298026236,0.6562423650134376,5
trial_36_robust_D,0.520607868712575,0.6733503651394529,0.6660151478133398,5
trial_37_mclust_A,0.43187781462669766,0.43050877175739843,0.6430491082335695,5
trial_37_mclust_B,0.5435996370595961,0.5604011444520991,0.684094795993159,5
trial_37_robust_C,0.30028369885451067,0.5231697337214083,0.5096506230149035,5
trial_37_robust_D,0.5134235994720486,0.6651109531382108,0.6704129000732959,5
trial_38_mclust_A,0.31095417179140444,0.35870389177656,0.5861226484241387,4
trial_38_mclust_B,0.47493095883308634,0.5562125162483635,0.6423161495235769,5
trial_38_robust_C,0.5331929829853771,0.623955676159908,0.7112142682628878,5
trial_38_robust_D,0.5240216596817204,0.6786350407797916,0.6767652088932323,5
trial_39_mclust_A,0.37908507432996413,0.4217920481009343,0.6259467383337405,5
trial_39_mclust_B,0.4572469029762548,0.5155699431366944,0.6523332518934767,5
trial_39_robust_C,0.5441532971221111,0.6530538388163977,0.7285609577327143,5
trial_39_robust_D,0.5286002462849637,0.6789245931654008,0.6806743220131932,5
trial_3_mclust_A,0.1343480993467987,0.2669623108116777,0.46958221353530416,5
trial_3_mclust_B,0.49218447047885,0.5544497559798653,0.666503786953335,4
trial_3_robust_C,0.464092462270408,0.6044416195350951,0.6105546054238945,5
trial_3_robust_D,0.5279690510035238,0.6764973677015154,0.6794527241632055,5
trial_40_mclust_A,0.40845589290268475,0.4738885307674025,0.6369411189836306,5
trial_40_mclust_B,0.5728377793327138,0.5921506948850686,0.698509650623015,5
trial_40_robust_C,0.4875787105419217,0.6262597675881156,0.6056682140239433,5
trial_40_robust_D,0.5513166959339832,0.691697557244601,0.6894698265331053,5
trial_41_mclust_A,0.11196550688557717,0.26063654096563793,0.4334229171756658,5
trial_41_mclust_B,0.14973577768607899,0.2557323944130382,0.5025653554849744,4
trial_41_robust_C,0.5324459724232162,0.6342173672720198,0.7102369899828976,5
trial_41_robust_D,0.5270196804213511,0.6756047195035653,0.6716344979232837,5
trial_42_mclust_A,0.3761125554098415,0.4330458419209315,0.6222819447837772,5
trial_42_mclust_B,0.49067110298708594,0.5437762850973158,0.6628389934033716,5
trial_42_robust_C,0.41052514109073507,0.5660735894920316,0.5988272660640117,5
trial_42_robust_D,0.5223699416510683,0.6639939579053622,0.679208404593208,5
trial_43_mclust_A,0.12301527121350467,0.26412036151175966,0.44295138040557047,5
trial_43_mclust_B,0.5645270374782219,0.578321617687523,0.6955778157830442,4
trial_43_robust_C,0.39196910902629906,0.5751008616000299,0.572196432934278,5
trial_43_robust_D,0.5388449029324969,0.679074623219625,0.6767652088932323,5
trial_44_mclust_A,0.12282144536542967,0.23047492695216712,0.46151966772538483,5
trial_44_mclust_B,0.4682682889776319,0.550884916678307,0.632299047153677,5
trial_44_robust_C,0.3964964420525661,0.5618218727014946,0.573906669924261,5
trial_44_robust_D,0.507247445521753,0.6664302621105556,0.6757879306132422,5
trial_45_mclust_A,0.49105449910346066,0.5570421611445668,0.6723674566332764,5
trial_45_mclust_B,0.6310075745989174,0.6306852506584926,0.7185438553628145,4
trial_45_robust_C,0.5678965202837202,0.6753024213929731,0.7187881749328121,5
trial_45_robust_D,0.568804225721854,0.6930097536841976,0.7085267529929148,5
trial_46_mclust_A,0.1453055608263544,0.2684411244205799,0.49083801612509165,5
trial_46_mclust_B,0.5205926074523087,0.5564954431104038,0.6682140239433179,5
trial_46_robust_C,0.5321972966960565,0.6094869366295455,0.7029074028829709,5
trial_46_robust_D,0.5092169529105626,0.6670531603884786,0.6765208893232348,5
trial_47_mclust_A,0.1410548136229927,0.23843185303091824,0.4879061812851209,5
trial_47_mclust_B,0.5237315419177201,0.5456774679867795,0.6789640850232104,5
trial_47_robust_C,0.5187807797314521,0.5987539281974394,0.7011971658929881,5
trial_47_robust_D,0.5297155892115243,0.6700680222391886,0.6850720742731493,5
trial_48_mclust_A,0.13082771130801876,0.23216739406131998,0.47202540923527975,4
trial_48_mclust_B,0.5798543375094019,0.5842862336207542,0.6953334962130466,5
trial_48_robust_C,0.4499940656165965,0.5770201676473987,0.61299780112387,5
trial_48_robust_D,0.49305679403483593,0.6406869247781033,0.6767652088932323,5
trial_49_mclust_A,0.13787250823661576,0.26435418429239294,0.48668458343513316,5
trial_49_mclust_B,0.4467973541871119,0.5331341830306398,0.6479354996335206,5
trial_49_robust_C,0.3825871878169253,0.5454292273776926,0.5550940630344491,5
trial_49_robust_D,0.5047656804675755,0.6647091729199887,0.6713901783532861,5
trial_4_mclust_A,0.3055125404273253,0.4007491230938876,0.5905204006840948,5
trial_4_mclust_B,0.5635788791474767,0.5881188752713548,0.6948448570730515,4
trial_4_robust_C,0.4570961037332606,0.6026285656279086,0.6027363791839726,5
trial_4_robust_D,0.5541373924965238,0.6934514787999798,0.6955778157830442,5
trial_50_mclust_A,0.14659398122057316,0.24437817119612948,0.4932812118250672,5
trial_50_mclust_B,0.4091490080984933,0.4984224040132953,0.6230149034937699,5
trial_50_robust_C,0.5066018684512941,0.5727213455859124,0.6603957977033961,5
trial_50_robust_D,0.5115644433446426,0.6629847109571557,0.6760322501832396,5
trial_5_mclust_A,0.37658593226474757,0.42966851688002466,0.6222819447837772,5
trial_5_mclust_B,0.5414301283821435,0.5642858003959027,0.6862936721231371,5
trial_5_robust_C,0.5440871295442355,0.6332726753768744,0.7258734424627412,5
trial_5_robust_D,0.5398265714104281,0.6802042373729091,0.6899584656731004,5
trial_6_mclust_A,0.12358751106374063,0.2778532208942067,0.46151966772538483,4
trial_6_mclust_B,0.4306524729347901,0.5310128566847192,0.6347422428536525,5
trial_6_robust_C,0.5454026312654339,0.6325477979921518,0.7305155142926948,5
trial_6_robust_D,0.538226490720289,0.6849132863674675,0.6943562179330565,5
trial_7_mclust_A,0.11816005473953302,0.254069367665939,0.4424627412655754,5
trial_7_mclust_B,0.4131234890169758,0.49125293418540655,0.6151966772538481,5
trial_7_robust_C,0.41156127824242283,0.563200025937132,0.5929635963840704,5
trial_7_robust_D,0.5291026034109276,0.6756026372965047,0.6911800635230883,5
trial_8_mclust_A,0.3212525649867603,0.38954334024120735,0.5985829464940142,5
trial_8_mclust_B,0.46433298111765825,0.5371709640048562,0.653799169313462,5
trial_8_robust_C,0.5465205665182788,0.6322868304342846,0.7214756902027852,5
trial_8_robust_D,0.5406786321904696,0.6822628055026987,0.6823845590031762,5
trial_9_mclust_A,0.16849611686289398,0.3451605999219876,0.5116051795748839,5
trial_9_mclust_B,0.6029433927878937,0.6121692576540128,0.7090153921329099,4
trial_9_robust_C,0.40761978127375054,0.5867775034704056,0.544099682384559,5
trial_9_robust_D,0.5654217685259247,0.6966807830417554,0.6926459809430735,5
