npz	pca_dim	seed	score	upper_cluster	upper_purity	upper_recall	lower_cluster	lower_purity	lower_recall	both_cluster	both_purity	both_recall
S2_Hpca_pub_v1.augK2_d128_for_cluster.npz	50	8	0.4029736421314862	2	0.20987654320987653	0.7727272727272727	2	0.3333333333333333	0.6923076923076923	2	0.5432098765432098	0.7213114754098361
S2_Hpca_pub_v1.augK2_d128_for_cluster.npz	40	13	0.40171218163684264	23	0.15966386554621848	0.8636363636363636	23	0.25210084033613445	0.7692307692307693	23	0.4117647058823529	0.8032786885245902
S2_Hpca_pub_v1.augK2_d128_for_cluster.npz	64	3	0.39932044080490264	18	0.2185430463576159	0.75	18	0.3443708609271523	0.6666666666666666	18	0.5629139072847682	0.6967213114754098
S2_Hpca_pub_v1.augK2_d128_for_cluster.npz	18	3	0.3960887066150954	13	0.125	0.6363636363636364	13	0.29464285714285715	0.8461538461538461	13	0.41964285714285715	0.7704918032786885
S2_Hpca_v2.augK2_d96_for_cluster.npz	30	17	0.39521038332817515	21	0.10921501706484642	0.7272727272727273	6	0.23949579831932774	0.7307692307692307	6	0.23949579831932774	0.4672131147540984
S2_Hpca_v2.augK2_d96_for_cluster.npz	64	7	0.39414391494508305	19	1.0	0.022727272727272728	18	0.1675	0.8589743589743589	18	0.2475	0.8114754098360656
S2_Hpca_pub_v1.augK2_d128_for_cluster.npz	18	15	0.3935022184111485	23	0.12658227848101267	0.6818181818181818	23	0.2742616033755274	0.8333333333333334	23	0.4008438818565401	0.7786885245901639
S2_Hpca_v2.augK2_d96_for_cluster.npz	30	16	0.3925669653420181	12	0.10738255033557047	0.7272727272727273	0	0.23931623931623933	0.717948717948718	0	0.23931623931623933	0.45901639344262296
S2_Hpca_v2.augK2_d96_for_cluster.npz	30	4	0.39228815249114185	25	0.10774410774410774	0.7272727272727273	14	0.23829787234042554	0.717948717948718	14	0.23829787234042554	0.45901639344262296
S2_Hpca_v2.augK2_d96_for_cluster.npz	30	14	0.39225129548041304	9	0.10508474576271186	0.7045454545454546	3	0.24152542372881355	0.7307692307692307	3	0.24152542372881355	0.4672131147540984
S2_Hpca_v2.augK2_d96_for_cluster.npz	30	8	0.39215186535961993	2	0.10738255033557047	0.7272727272727273	12	0.23829787234042554	0.717948717948718	12	0.23829787234042554	0.45901639344262296
S2_Hpca_v2.augK2_d96_for_cluster.npz	30	1	0.3912799919021731	16	0.10580204778156997	0.7045454545454546	24	0.2384937238493724	0.7307692307692307	24	0.2384937238493724	0.4672131147540984
S2_Hpca_v2.augK2_d96_for_cluster.npz	30	10	0.3910081831319046	23	0.10616438356164383	0.7045454545454546	20	0.2375	0.7307692307692307	20	0.2375	0.4672131147540984
S2_Hpca_pub_v1.augK2_d128_for_cluster.npz	18	17	0.39015017923397727	5	0.12612612612612611	0.6363636363636364	5	0.2927927927927928	0.8333333333333334	5	0.4189189189189189	0.7622950819672131
S2_Hpca_v2.augK2_d96_for_cluster.npz	30	7	0.38988551851134523	19	0.10508474576271186	0.7045454545454546	16	0.24034334763948498	0.717948717948718	16	0.24034334763948498	0.45901639344262296
S2_Hpca_v2.augK2_d96_for_cluster.npz	30	3	0.38946746566952734	25	0.10508474576271186	0.7045454545454546	15	0.23931623931623933	0.717948717948718	15	0.23931623931623933	0.45901639344262296
S2_Hpca_v2.augK2_d96_for_cluster.npz	30	5	0.38905236568712925	8	0.10508474576271186	0.7045454545454546	17	0.23829787234042554	0.717948717948718	17	0.23829787234042554	0.45901639344262296
S2_Hpca_v2.augK2_d96_for_cluster.npz	30	18	0.3889099815221045	2	0.10580204778156997	0.7045454545454546	18	0.23728813559322035	0.717948717948718	18	0.23728813559322035	0.45901639344262296
S2_Hpca_v2.augK2_d96_for_cluster.npz	30	9	0.38863684638635443	16	0.10616438356164383	0.7045454545454546	17	0.23628691983122363	0.717948717948718	17	0.23628691983122363	0.45901639344262296
S2_Hpca_v2.augK2_d96_for_cluster.npz	30	19	0.3885006917820784	10	0.10580204778156997	0.7045454545454546	17	0.23628691983122363	0.717948717948718	17	0.23628691983122363	0.45901639344262296
S2_Hpca_v2.augK2_d96_for_cluster.npz	30	6	0.38823041496402705	0	0.10616438356164383	0.7045454545454546	25	0.23529411764705882	0.717948717948718	25	0.23529411764705882	0.45901639344262296
S2_Hpca_pub_v1.augK2_d128_for_cluster.npz	18	10	0.38806032820277897	3	0.12014134275618374	0.7727272727272727	3	0.23674911660777384	0.8589743589743589	3	0.3568904593639576	0.8278688524590164
S2_Hpca_pub_v1.augK2_d128_for_cluster.npz	18	6	0.3878313063392999	20	0.13302752293577982	0.6590909090909091	20	0.30275229357798167	0.8461538461538461	20	0.43577981651376146	0.7786885245901639
S2_Hpca_pub_v1.augK2_d128_for_cluster.npz	18	18	0.3876015537159201	9	0.11673151750972763	0.6818181818181818	9	0.26848249027237353	0.8846153846153846	9	0.3852140077821012	0.8114754098360656
S2_Hpca_pub_v1.augK2_d128_for_cluster.npz	18	0	0.3868036845317688	25	0.13551401869158877	0.6590909090909091	25	0.308411214953271	0.8461538461538461	25	0.4439252336448598	0.7786885245901639
S2_Hpca_v2.augK2_d96_for_cluster.npz	30	2	0.38653203533844743	14	0.10472972972972973	0.7045454545454546	6	0.23706896551724138	0.7051282051282052	6	0.23706896551724138	0.45081967213114754
S2_Hpca_pub_v1.augK2_d128_for_cluster.npz	50	7	0.38625618142542956	19	0.19337016574585636	0.7954545454545454	19	0.2983425414364641	0.6923076923076923	19	0.49171270718232046	0.7295081967213115
S2_Hpca_v2.augK2_d96_for_cluster.npz	30	12	0.3861185157122193	24	0.10472972972972973	0.7045454545454546	4	0.23605150214592274	0.7051282051282052	4	0.23605150214592274	0.45081967213114754
S2_Hpca_pub_v1.augK2_d128_for_cluster.npz	18	8	0.38586951386535756	16	0.13392857142857142	0.6818181818181818	16	0.29464285714285715	0.8461538461538461	16	0.42857142857142855	0.7868852459016393
S2_Hpca_pub_v1.augK2_d128_for_cluster.npz	64	9	0.38524616701768	20	0.16055045871559634	0.7954545454545454	20	0.25688073394495414	0.717948717948718	20	0.41743119266055045	0.7459016393442623
S2_Hpca_pub_v1.augK2_d128_for_cluster.npz	18	14	0.38472064873098494	15	0.13122171945701358	0.6590909090909091	15	0.3031674208144796	0.8589743589743589	15	0.4343891402714932	0.7868852459016393
S2_Hpca_pub_v1.augK2_d128_for_cluster.npz	18	2	0.3846499799419884	3	0.11627906976744186	0.6818181818181818	3	0.26356589147286824	0.8717948717948718	3	0.3798449612403101	0.8032786885245902
S2_Hpca_pub_v1.augK2_d128_for_cluster.npz	40	12	0.38161140614138406	15	0.14393939393939395	0.8636363636363636	15	0.22727272727272727	0.7692307692307693	15	0.3712121212121212	0.8032786885245902
S2_Hpca_v2.augK2_d96_for_cluster.npz	50	12	0.3815047791690207	18	1.0	0.022727272727272728	14	0.13575525812619502	0.9102564102564102	14	0.19694072657743786	0.8442622950819673
S2_Hpca_pub_v1.augK2_d128_for_cluster.npz	40	10	0.37972315699756226	25	0.15584415584415584	0.8181818181818182	25	0.24675324675324675	0.7307692307692307	25	0.4025974025974026	0.7622950819672131
S2_Hpca_pub_v1.augK2_d128_for_cluster.npz	64	12	0.3786899075610374	25	0.17326732673267325	0.7954545454545454	25	0.28217821782178215	0.7307692307692307	25	0.45544554455445546	0.7540983606557377
S2_Hpca_pub_v1.augK2_d128_for_cluster.npz	64	14	0.3784461776362284	23	0.20121951219512196	0.75	23	0.3048780487804878	0.6410256410256411	23	0.5060975609756098	0.680327868852459
S2_Hpca_pub_v1.augK2_d128_for_cluster.npz	18	12	0.3780689833551255	25	0.1318181818181818	0.6590909090909091	25	0.29545454545454547	0.8333333333333334	25	0.42727272727272725	0.7704918032786885
S2_Hpca_pub_v1.augK2_d128_for_cluster.npz	18	11	0.3756010858631784	24	0.12749003984063745	0.7272727272727273	24	0.26693227091633465	0.8589743589743589	24	0.3944223107569721	0.8114754098360656
S2_Hpca_v2.augK2_d96_for_cluster.npz	24	18	0.3745374136634187	10	0.1	0.7954545454545454	2	0.22672064777327935	0.717948717948718	2	0.22672064777327935	0.45901639344262296
S2_Hpca_pub_v1.augK2_d128_for_cluster.npz	18	7	0.37306360008286227	25	0.125	0.6363636363636364	25	0.29464285714285715	0.8461538461538461	25	0.41964285714285715	0.7704918032786885
S2_Hpca_pub_v1.augK2_d128_for_cluster.npz	18	19	0.37269238096077967	20	0.12658227848101267	0.6818181818181818	20	0.27848101265822783	0.8461538461538461	20	0.4050632911392405	0.7868852459016393
S2_Hpca_pub_v1.augK2_d128_for_cluster.npz	18	9	0.37250366430831566	14	0.1222707423580786	0.6363636363636364	14	0.28820960698689957	0.8461538461538461	14	0.4104803493449782	0.7704918032786885
S2_Hpca_pub_v1.augK2_d128_for_cluster.npz	18	1	0.37205472312044235	18	0.12096774193548387	0.6818181818181818	18	0.27419354838709675	0.8717948717948718	18	0.3951612903225806	0.8032786885245902
S2_Hpca_v2.augK2_d96_for_cluster.npz	64	11	0.37085887175864674	6	0.14937759336099585	0.8181818181818182	6	0.23236514522821577	0.717948717948718	6	0.3817427385892116	0.7540983606557377
S2_Hpca_pub_v1.augK2_d128_for_cluster.npz	18	4	0.3698550616276359	21	0.12658227848101267	0.6818181818181818	21	0.2742616033755274	0.8333333333333334	21	0.4008438818565401	0.7786885245901639
S2_Hpca_pub_v1.augK2_d128_for_cluster.npz	18	16	0.3695387636745941	10	0.12608695652173912	0.6590909090909091	10	0.2826086956521739	0.8333333333333334	10	0.40869565217391307	0.7704918032786885
S2_Hpca_v2.augK2_d96_for_cluster.npz	24	13	0.36936481025659146	10	0.0935672514619883	0.7272727272727273	20	0.23170731707317074	0.7307692307692307	20	0.23170731707317074	0.4672131147540984
S2_Hpca_pub_v1.augK2_d128_for_cluster.npz	18	5	0.3693605945954805	20	0.125	0.6363636363636364	20	0.29017857142857145	0.8333333333333334	20	0.41517857142857145	0.7622950819672131
S2_Hpca_v2.augK2_d96_for_cluster.npz	50	1	0.36806153125566754	12	0.06581740976645435	0.7045454545454546	1	0.24369747899159663	0.7435897435897436	1	0.24369747899159663	0.47540983606557374
S2_Hpca_v2.augK2_d96_for_cluster.npz	24	16	0.3679471081713234	1	0.09090909090909091	0.7272727272727273	0	0.23076923076923078	0.7307692307692307	0	0.23076923076923078	0.4672131147540984
S2_Hpca_pub_v1.augK2_d128_for_cluster.npz	64	6	0.36738291099428894	20	0.16990291262135923	0.7954545454545454	20	0.27184466019417475	0.717948717948718	20	0.441747572815534	0.7459016393442623
S2_Hpca_v2.augK2_d96_for_cluster.npz	50	13	0.3662279665722481	6	0.06088560885608856	0.75	14	0.23651452282157676	0.7307692307692307	14	0.23651452282157676	0.4672131147540984
S2_Hpca_v2.augK2_d96_for_cluster.npz	24	12	0.3653817805527517	1	0.09142857142857143	0.7272727272727273	5	0.22857142857142856	0.717948717948718	5	0.22857142857142856	0.45901639344262296
S2_Hpca_v2.augK2_d96_for_cluster.npz	64	13	0.3652672065119738	21	0.1323529411764706	0.8181818181818182	21	0.22058823529411764	0.7692307692307693	21	0.35294117647058826	0.7868852459016393
S2_Hpca_v2.augK2_d96_for_cluster.npz	24	6	0.3649809890325593	23	0.0903954802259887	0.7272727272727273	19	0.22857142857142856	0.717948717948718	19	0.22857142857142856	0.45901639344262296
S2_Hpca_v2.augK2_d96_for_cluster.npz	24	19	0.36359427448375986	23	0.09510086455331412	0.75	25	0.22	0.7051282051282052	25	0.22	0.45081967213114754
S2_Hpca_v2.augK2_d96_for_cluster.npz	24	1	0.3634769961002415	24	0.09631728045325778	0.7727272727272727	21	0.21774193548387097	0.6923076923076923	21	0.21774193548387097	0.4426229508196721
S2_Hpca_pub_v1.augK2_d128_for_cluster.npz	18	13	0.3629901099395035	14	0.12015503875968993	0.7045454545454546	14	0.2558139534883721	0.8461538461538461	14	0.375968992248062	0.7950819672131147
S2_Hpca_v2.augK2_d96_for_cluster.npz	64	19	0.3614033743136189	12	0.1296928327645051	0.8636363636363636	12	0.20819112627986347	0.782051282051282	12	0.3378839590443686	0.8114754098360656
S2_Hpca_v2.augK2_d96_for_cluster.npz	24	9	0.3602298454227517	2	0.11301369863013698	0.75	18	0.21052631578947367	0.6666666666666666	18	0.21052631578947367	0.4262295081967213
S2_Hpca_v2.augK2_d96_for_cluster.npz	24	11	0.35769444678444484	1	0.10443037974683544	0.75	8	0.21224489795918366	0.6666666666666666	8	0.21224489795918366	0.4262295081967213
S2_Hpca_pub_v1.augK2_d128_for_cluster.npz	64	2	0.35755439118493865	17	0.1552511415525114	0.7727272727272727	17	0.2602739726027397	0.7307692307692307	17	0.4155251141552511	0.7459016393442623
S2_Hpca_v2.augK2_d96_for_cluster.npz	24	10	0.3559677714304441	2	0.10191082802547771	0.7272727272727273	13	0.2157676348547718	0.6666666666666666	13	0.2157676348547718	0.4262295081967213
S2_Hpca_v2.augK2_d96_for_cluster.npz	50	7	0.35236606789469455	25	0.127208480565371	0.8181818181818182	25	0.2049469964664311	0.7435897435897436	25	0.3321554770318021	0.7704918032786885
S2_Hpca_v2.augK2_d96_for_cluster.npz	50	14	0.3514647083962285	0	0.12286689419795221	0.8181818181818182	0	0.1945392491467577	0.7307692307692307	0	0.3174061433447099	0.7622950819672131
S2_Hpca_v2.augK2_d96_for_cluster.npz	64	10	0.3501000064778962	17	1.0	0.022727272727272728	0	0.10256410256410256	0.7692307692307693	0	0.15897435897435896	0.7622950819672131
S2_Hpca_v2.augK2_d96_for_cluster.npz	24	4	0.3480580088531606	20	0.10891089108910891	0.75	13	0.19583333333333333	0.6025641025641025	20	0.18151815181518152	0.45081967213114754
S2_Hpca_v2.augK2_d96_for_cluster.npz	24	0	0.3466653239530153	10	0.11	0.75	17	0.19166666666666668	0.5897435897435898	10	0.18666666666666668	0.45901639344262296
S2_Hpca_v2.augK2_d96_for_cluster.npz	18	4	0.3431318697676764	23	0.18421052631578946	0.6363636363636364	23	0.2631578947368421	0.5128205128205128	23	0.4473684210526316	0.5573770491803278
S2_Hpca_v2.augK2_d96_for_cluster.npz	18	1	0.3420481939033958	20	0.1830065359477124	0.6363636363636364	20	0.26143790849673204	0.5128205128205128	20	0.4444444444444444	0.5573770491803278
S2_Hpca_v2.augK2_d96_for_cluster.npz	18	19	0.3409759973713412	11	0.18181818181818182	0.6363636363636364	11	0.2597402597402597	0.5128205128205128	11	0.44155844155844154	0.5573770491803278
S2_Hpca_pub_v1.augK2_d128_for_cluster.npz	64	10	0.33910804778686626	0	0.1291866028708134	0.6136363636363636	0	0.27751196172248804	0.7435897435897436	0	0.40669856459330145	0.6967213114754098
S2_Hpca_pub_v1.augK2_d128_for_cluster.npz	40	5	0.3385990124943955	1	0.10931174089068826	0.6136363636363636	1	0.23481781376518218	0.7435897435897436	1	0.3441295546558704	0.6967213114754098
S2_Hpca_v2.augK2_d96_for_cluster.npz	64	6	0.3385060153951915	3	0.1188118811881188	0.8181818181818182	3	0.19471947194719472	0.7564102564102564	3	0.31353135313531355	0.7786885245901639
S2_Hpca_pub_v1.augK2_d128_for_cluster.npz	36	15	0.335929015609401	20	0.11379310344827587	0.75	20	0.19310344827586207	0.717948717948718	20	0.30689655172413793	0.7295081967213115
S2_Hpca_pub_v1.augK2_d128_for_cluster.npz	30	16	0.33543451344441466	24	0.10510510510510511	0.7954545454545454	24	0.18618618618618618	0.7948717948717948	24	0.2912912912912913	0.7950819672131147
S2_Hpca_pub_v1.augK2_d128_for_cluster.npz	64	1	0.33484898264965063	25	0.12857142857142856	0.6136363636363636	25	0.2714285714285714	0.7307692307692307	25	0.4	0.6885245901639344
S2_Hpca_v2.augK2_d96_for_cluster.npz	18	17	0.33424855986115626	18	0.17567567567567569	0.5909090909090909	18	0.2702702702702703	0.5128205128205128	18	0.44594594594594594	0.5409836065573771
S2_Hpca_v2.augK2_d96_for_cluster.npz	18	10	0.33424855986115626	12	0.17567567567567569	0.5909090909090909	12	0.2702702702702703	0.5128205128205128	12	0.44594594594594594	0.5409836065573771
S2_Hpca_v2.augK2_d96_for_cluster.npz	18	13	0.33391971097360323	24	0.16875	0.6136363636363636	24	0.25625	0.5256410256410257	24	0.425	0.5573770491803278
S2_Hpca_v2.augK2_d96_for_cluster.npz	18	18	0.3335711980060657	7	0.17307692307692307	0.6136363636363636	7	0.2564102564102564	0.5128205128205128	7	0.42948717948717946	0.5491803278688525
S2_Hpca_v2.augK2_d96_for_cluster.npz	24	8	0.333150722906223	18	0.09289617486338798	0.7727272727272727	12	0.1834862385321101	0.5128205128205128	18	0.1721311475409836	0.5163934426229508
S2_Hpca_v2.augK2_d96_for_cluster.npz	24	7	0.3323470546569372	13	0.09164420485175202	0.7727272727272727	18	0.18433179723502305	0.5128205128205128	13	0.16981132075471697	0.5163934426229508
S2_Hpca_pub_v1.augK2_d128_for_cluster.npz	36	9	0.3315050423683685	25	0.11	0.75	25	0.19666666666666666	0.7564102564102564	25	0.30666666666666664	0.7540983606557377
S2_Hpca_v2.augK2_d96_for_cluster.npz	24	3	0.33149684682720865	13	0.09066666666666667	0.7727272727272727	21	0.1834862385321101	0.5128205128205128	13	0.168	0.5163934426229508
S2_Hpca_v2.augK2_d96_for_cluster.npz	50	15	0.3290679660891204	4	0.09090909090909091	0.7954545454545454	4	0.16363636363636364	0.8076923076923077	4	0.2545454545454545	0.8032786885245902
S2_Hpca_v2.augK2_d96_for_cluster.npz	24	2	0.3280324126013337	20	0.10091743119266056	0.75	0	0.1712962962962963	0.47435897435897434	20	0.19877675840978593	0.5327868852459017
S2_Hpca_v2.augK2_d96_for_cluster.npz	30	15	0.3277543054788455	22	0.09968847352024922	0.7272727272727273	3	0.1423841059602649	0.5512820512820513	22	0.17757009345794392	0.4672131147540984
S2_Hpca_pub_v1.augK2_d128_for_cluster.npz	40	2	0.3270010136476495	11	0.10160427807486631	0.8636363636363636	11	0.1657754010695187	0.7948717948717948	11	0.26737967914438504	0.819672131147541
S2_Hpca_pub_v1.augK2_d128_for_cluster.npz	40	8	0.3262798432146113	11	0.09919571045576407	0.8409090909090909	11	0.16621983914209115	0.7948717948717948	11	0.26541554959785524	0.8114754098360656
S2_Hpca_pub_v1.augK2_d128_for_cluster.npz	40	14	0.3256770157247239	16	0.09866666666666667	0.8409090909090909	16	0.168	0.8076923076923077	16	0.26666666666666666	0.819672131147541
S2_Hpca_pub_v1.augK2_d128_for_cluster.npz	30	17	0.3253884469065413	19	0.09549071618037135	0.8181818181818182	19	0.16710875331564987	0.8076923076923077	19	0.2625994694960212	0.8114754098360656
S2_Hpca_pub_v1.augK2_d128_for_cluster.npz	40	11	0.3253335145768186	21	0.09840425531914894	0.8409090909090909	21	0.1675531914893617	0.8076923076923077	21	0.26595744680851063	0.819672131147541
S2_Hpca_pub_v1.augK2_d128_for_cluster.npz	40	1	0.32530018298170144	9	0.10109289617486339	0.8409090909090909	9	0.16666666666666666	0.782051282051282	9	0.2677595628415301	0.8032786885245902
S2_Hpca_pub_v1.augK2_d128_for_cluster.npz	40	17	0.32499162587370684	16	0.09814323607427056	0.8409090909090909	16	0.16710875331564987	0.8076923076923077	16	0.26525198938992045	0.819672131147541
S2_Hpca_v2.augK2_d96_for_cluster.npz	18	2	0.32491589332615683	2	0.1643835616438356	0.5454545454545454	2	0.273972602739726	0.5128205128205128	2	0.4383561643835616	0.5245901639344263
S2_Hpca_pub_v1.augK2_d128_for_cluster.npz	30	10	0.32490367688111055	2	0.09498680738786279	0.8181818181818182	2	0.1662269129287599	0.8076923076923077	2	0.2612137203166227	0.8114754098360656
S2_Hpca_pub_v1.augK2_d128_for_cluster.npz	40	19	0.3245986635160257	25	0.10054347826086957	0.8409090909090909	25	0.16576086956521738	0.782051282051282	25	0.266304347826087	0.8032786885245902
S2_Hpca_pub_v1.augK2_d128_for_cluster.npz	40	9	0.32415926890019925	1	0.10422535211267606	0.8409090909090909	1	0.16901408450704225	0.7692307692307693	1	0.27323943661971833	0.7950819672131147
S2_Hpca_pub_v1.augK2_d128_for_cluster.npz	30	11	0.3240706804289554	13	0.09695290858725762	0.7954545454545454	13	0.17174515235457063	0.7948717948717948	13	0.26869806094182824	0.7950819672131147
S2_Hpca_pub_v1.augK2_d128_for_cluster.npz	30	19	0.3239809488982767	6	0.09915014164305949	0.7954545454545454	6	0.17280453257790368	0.782051282051282	6	0.2719546742209632	0.7868852459016393
S2_Hpca_pub_v1.augK2_d128_for_cluster.npz	30	7	0.32371464386576143	17	0.09668508287292818	0.7954545454545454	17	0.1712707182320442	0.7948717948717948	17	0.26795580110497236	0.7950819672131147
S2_Hpca_v2.augK2_d96_for_cluster.npz	64	5	0.32367517856392214	13	0.1008174386920981	0.8409090909090909	13	0.16348773841961853	0.7692307692307693	13	0.26430517711171664	0.7950819672131147
S2_Hpca_v2.augK2_d96_for_cluster.npz	24	14	0.3236351001938636	24	0.09340659340659341	0.7727272727272727	1	0.16267942583732056	0.4358974358974359	24	0.19505494505494506	0.5819672131147541
S2_Hpca_pub_v1.augK2_d128_for_cluster.npz	50	4	0.3232106917188864	15	0.1210762331838565	0.6136363636363636	15	0.2600896860986547	0.7435897435897436	15	0.3811659192825112	0.6967213114754098
S2_Hpca_v2.augK2_d96_for_cluster.npz	24	15	0.32273008923754537	6	0.09880239520958084	0.75	19	0.16113744075829384	0.4358974358974359	6	0.20958083832335328	0.5737704918032787
S2_Hpca_pub_v1.augK2_d128_for_cluster.npz	40	4	0.32267015600524457	3	0.09866666666666667	0.8409090909090909	3	0.16266666666666665	0.782051282051282	3	0.2613333333333333	0.8032786885245902
S2_Hpca_pub_v1.augK2_d128_for_cluster.npz	40	6	0.322121323906364	5	0.1002710027100271	0.8409090909090909	5	0.16531165311653118	0.782051282051282	5	0.26558265582655827	0.8032786885245902
S2_Hpca_pub_v1.augK2_d128_for_cluster.npz	50	12	0.3219874404959957	24	0.12669683257918551	0.6363636363636364	24	0.25339366515837103	0.717948717948718	24	0.38009049773755654	0.6885245901639344
S2_Hpca_pub_v1.augK2_d128_for_cluster.npz	36	7	0.32189892212532145	21	0.10030395136778116	0.75	21	0.182370820668693	0.7692307692307693	21	0.2826747720364742	0.7622950819672131
S2_Hpca_pub_v1.augK2_d128_for_cluster.npz	64	16	0.32188373020414296	17	0.10734463276836158	0.8636363636363636	17	0.16101694915254236	0.7307692307692307	17	0.268361581920904	0.7786885245901639
S2_Hpca_pub_v1.augK2_d128_for_cluster.npz	64	7	0.32178465073037	22	0.10410958904109589	0.8636363636363636	22	0.16164383561643836	0.7564102564102564	22	0.26575342465753427	0.7950819672131147
S2_Hpca_pub_v1.augK2_d128_for_cluster.npz	36	18	0.32168456623218383	2	0.1	0.75	2	0.18181818181818182	0.7692307692307693	2	0.2818181818181818	0.7622950819672131
S2_Hpca_pub_v1.augK2_d128_for_cluster.npz	40	15	0.3215611963623471	17	0.09946236559139784	0.8409090909090909	17	0.1639784946236559	0.782051282051282	17	0.26344086021505375	0.8032786885245902
S2_Hpca_pub_v1.augK2_d128_for_cluster.npz	40	7	0.3214298210864677	7	0.09973045822102426	0.8409090909090909	7	0.16442048517520216	0.782051282051282	7	0.2641509433962264	0.8032786885245902
S2_Hpca_pub_v1.augK2_d128_for_cluster.npz	36	3	0.3213438691990002	11	0.09943181818181818	0.7954545454545454	11	0.17045454545454544	0.7692307692307693	11	0.26988636363636365	0.7786885245901639
S2_Hpca_v2.augK2_d96_for_cluster.npz	64	14	0.3204728650484757	24	0.10303030303030303	0.7727272727272727	24	0.1787878787878788	0.7564102564102564	24	0.2818181818181818	0.7622950819672131
S2_Hpca_pub_v1.augK2_d128_for_cluster.npz	36	16	0.3204192337587188	24	0.10315186246418338	0.8181818181818182	24	0.166189111747851	0.7435897435897436	24	0.2693409742120344	0.7704918032786885
S2_Hpca_v2.augK2_d96_for_cluster.npz	64	3	0.3202685766993723	17	0.10119047619047619	0.7727272727272727	17	0.17261904761904762	0.7435897435897436	17	0.27380952380952384	0.7540983606557377
S2_Hpca_pub_v1.augK2_d128_for_cluster.npz	30	12	0.32002947963291106	9	0.09162303664921466	0.7954545454545454	9	0.1649214659685864	0.8076923076923077	9	0.25654450261780104	0.8032786885245902
S2_Hpca_pub_v1.augK2_d128_for_cluster.npz	30	0	0.32002947963291106	24	0.09162303664921466	0.7954545454545454	24	0.1649214659685864	0.8076923076923077	24	0.25654450261780104	0.8032786885245902
S2_Hpca_pub_v1.augK2_d128_for_cluster.npz	30	5	0.32002947963291106	3	0.09162303664921466	0.7954545454545454	3	0.1649214659685864	0.8076923076923077	3	0.25654450261780104	0.8032786885245902
S2_Hpca_pub_v1.augK2_d128_for_cluster.npz	30	14	0.32002947963291106	5	0.09162303664921466	0.7954545454545454	5	0.1649214659685864	0.8076923076923077	5	0.25654450261780104	0.8032786885245902
S2_Hpca_pub_v1.augK2_d128_for_cluster.npz	30	18	0.3197040256947425	13	0.09138381201044386	0.7954545454545454	13	0.16449086161879894	0.8076923076923077	13	0.2558746736292428	0.8032786885245902
S2_Hpca_pub_v1.augK2_d128_for_cluster.npz	64	4	0.3192037775255639	2	0.09973753280839895	0.8636363636363636	2	0.16272965879265092	0.7948717948717948	2	0.26246719160104987	0.819672131147541
S2_Hpca_pub_v1.augK2_d128_for_cluster.npz	36	19	0.318475766102707	17	0.09722222222222222	0.7954545454545454	17	0.16666666666666666	0.7692307692307693	17	0.2638888888888889	0.7786885245901639
S2_Hpca_pub_v1.augK2_d128_for_cluster.npz	30	2	0.31843195802460617	19	0.09259259259259259	0.7954545454545454	19	0.164021164021164	0.7948717948717948	19	0.2566137566137566	0.7950819672131147
S2_Hpca_pub_v1.augK2_d128_for_cluster.npz	30	4	0.3181036732054871	15	0.09234828496042216	0.7954545454545454	15	0.16358839050131926	0.7948717948717948	15	0.2559366754617414	0.7950819672131147
S2_Hpca_pub_v1.augK2_d128_for_cluster.npz	30	3	0.3181036732054871	7	0.09234828496042216	0.7954545454545454	7	0.16358839050131926	0.7948717948717948	7	0.2559366754617414	0.7950819672131147
S2_Hpca_pub_v1.augK2_d128_for_cluster.npz	30	15	0.31777691776807465	0	0.09210526315789473	0.7954545454545454	0	0.1631578947368421	0.7948717948717948	0	0.25526315789473686	0.7950819672131147
S2_Hpca_pub_v1.augK2_d128_for_cluster.npz	36	14	0.3176611004363125	0	0.09880239520958084	0.75	0	0.17664670658682635	0.7564102564102564	0	0.2754491017964072	0.7540983606557377
S2_Hpca_v2.augK2_d96_for_cluster.npz	18	15	0.3176553783306945	25	0.15492957746478872	0.5	25	0.28169014084507044	0.5128205128205128	25	0.43661971830985913	0.5081967213114754
S2_Hpca_pub_v1.augK2_d128_for_cluster.npz	36	6	0.3175200317675287	19	0.09937888198757763	0.7272727272727273	19	0.18322981366459629	0.7564102564102564	19	0.2826086956521739	0.7459016393442623
S2_Hpca_pub_v1.augK2_d128_for_cluster.npz	30	13	0.31745168094528164	1	0.09186351706036745	0.7954545454545454	1	0.16272965879265092	0.7948717948717948	1	0.2545931758530184	0.7950819672131147
S2_Hpca_pub_v1.augK2_d128_for_cluster.npz	50	18	0.31742726756863315	4	0.10109289617486339	0.8409090909090909	4	0.15846994535519127	0.7435897435897436	4	0.25956284153005466	0.7786885245901639
S2_Hpca_pub_v1.augK2_d128_for_cluster.npz	64	18	0.3172492031838095	22	0.10315186246418338	0.8181818181818182	22	0.16905444126074498	0.7564102564102564	22	0.2722063037249284	0.7786885245901639
S2_Hpca_pub_v1.augK2_d128_for_cluster.npz	36	11	0.31699177218932284	6	0.09631728045325778	0.7727272727272727	6	0.16997167138810199	0.7692307692307693	6	0.26628895184135976	0.7704918032786885
S2_Hpca_pub_v1.augK2_d128_for_cluster.npz	40	0	0.3167158569062763	8	0.10646387832699619	0.6363636363636364	8	0.21673003802281368	0.7307692307692307	8	0.3231939163498099	0.6967213114754098
S2_Hpca_pub_v1.augK2_d128_for_cluster.npz	36	5	0.3165825545356192	2	0.10112359550561797	0.8181818181818182	2	0.16292134831460675	0.7435897435897436	2	0.2640449438202247	0.7704918032786885
S2_Hpca_pub_v1.augK2_d128_for_cluster.npz	36	0	0.31646945468429183	15	0.09668508287292818	0.7954545454545454	15	0.16574585635359115	0.7692307692307693	15	0.26243093922651933	0.7786885245901639
S2_Hpca_pub_v1.augK2_d128_for_cluster.npz	36	17	0.3160567582807724	4	0.09536784741144415	0.7954545454545454	4	0.16348773841961853	0.7692307692307693	4	0.25885558583106266	0.7786885245901639
S2_Hpca_pub_v1.augK2_d128_for_cluster.npz	40	16	0.31569521751589164	17	0.09660574412532637	0.8409090909090909	17	0.16449086161879894	0.8076923076923077	17	0.26109660574412535	0.819672131147541
S2_Hpca_v2.augK2_d96_for_cluster.npz	18	14	0.31548176916021015	3	0.1527777777777778	0.5	3	0.2777777777777778	0.5128205128205128	3	0.4305555555555556	0.5081967213114754
S2_Hpca_v2.augK2_d96_for_cluster.npz	18	6	0.31548176916021015	24	0.1527777777777778	0.5	24	0.2777777777777778	0.5128205128205128	24	0.4305555555555556	0.5081967213114754
S2_Hpca_pub_v1.augK2_d128_for_cluster.npz	36	10	0.31538050288428504	0	0.0948509485094851	0.7954545454545454	0	0.16260162601626016	0.7692307692307693	0	0.25745257452574527	0.7786885245901639
S2_Hpca_v2.augK2_d96_for_cluster.npz	64	1	0.31524155729431225	4	0.09883720930232558	0.7727272727272727	4	0.16569767441860464	0.7307692307692307	4	0.26453488372093026	0.7459016393442623
S2_Hpca_pub_v1.augK2_d128_for_cluster.npz	30	8	0.3151923893283311	1	0.09234828496042216	0.7954545454545454	1	0.16094986807387862	0.782051282051282	1	0.2532981530343008	0.7868852459016393
S2_Hpca_pub_v1.augK2_d128_for_cluster.npz	50	11	0.31514895466598813	2	0.1008174386920981	0.8409090909090909	2	0.16348773841961853	0.7692307692307693	2	0.26430517711171664	0.7950819672131147
S2_Hpca_pub_v1.augK2_d128_for_cluster.npz	30	9	0.3148069877878232	3	0.09668508287292818	0.7954545454545454	3	0.16298342541436464	0.7564102564102564	3	0.2596685082872928	0.7704918032786885
S2_Hpca_pub_v1.augK2_d128_for_cluster.npz	36	4	0.3145236250153935	25	0.09433962264150944	0.7954545454545454	25	0.16172506738544473	0.7692307692307693	25	0.2560646900269542	0.7786885245901639
S2_Hpca_pub_v1.augK2_d128_for_cluster.npz	30	6	0.3142660605391802	0	0.09859154929577464	0.7954545454545454	0	0.16338028169014085	0.7435897435897436	0	0.2619718309859155	0.7622950819672131
S2_Hpca_pub_v1.augK2_d128_for_cluster.npz	30	1	0.3138917465172842	8	0.08947368421052632	0.7727272727272727	8	0.1631578947368421	0.7948717948717948	8	0.25263157894736843	0.7868852459016393
S2_Hpca_pub_v1.augK2_d128_for_cluster.npz	36	12	0.3138244558370153	13	0.09392265193370165	0.7727272727272727	13	0.16574585635359115	0.7692307692307693	13	0.2596685082872928	0.7704918032786885
S2_Hpca_pub_v1.augK2_d128_for_cluster.npz	64	15	0.31369748229178035	19	0.10136986301369863	0.8409090909090909	19	0.1643835616438356	0.7692307692307693	19	0.26575342465753427	0.7950819672131147
S2_Hpca_pub_v1.augK2_d128_for_cluster.npz	36	13	0.3136612371578479	23	0.10294117647058823	0.7954545454545454	23	0.16470588235294117	0.717948717948718	23	0.2676470588235294	0.7459016393442623
S2_Hpca_pub_v1.augK2_d128_for_cluster.npz	36	1	0.3134421650553209	0	0.09562841530054644	0.7954545454545454	0	0.16120218579234974	0.7564102564102564	0	0.2568306010928962	0.7704918032786885
S2_Hpca_pub_v1.augK2_d128_for_cluster.npz	50	3	0.3133076247524647	0	0.0997229916897507	0.8181818181818182	0	0.16620498614958448	0.7692307692307693	0	0.2659279778393352	0.7868852459016393
S2_Hpca_pub_v1.augK2_d128_for_cluster.npz	50	16	0.3131309163123657	2	0.1	0.8409090909090909	2	0.15405405405405406	0.7307692307692307	2	0.25405405405405407	0.7704918032786885
S2_Hpca_v2.augK2_d96_for_cluster.npz	18	16	0.31288474067040084	19	0.14893617021276595	0.4772727272727273	19	0.28368794326241137	0.5128205128205128	19	0.4326241134751773	0.5
S2_Hpca_pub_v1.augK2_d128_for_cluster.npz	50	10	0.31285393438431097	8	0.11428571428571428	0.6363636363636364	8	0.2163265306122449	0.6794871794871795	8	0.3306122448979592	0.6639344262295082
S2_Hpca_pub_v1.augK2_d128_for_cluster.npz	50	6	0.3127581554460232	0	0.09893048128342247	0.8409090909090909	0	0.16042780748663102	0.7692307692307693	0	0.25935828877005346	0.7950819672131147
S2_Hpca_pub_v1.augK2_d128_for_cluster.npz	36	2	0.3127389890858729	16	0.09283819628647215	0.7954545454545454	16	0.15915119363395225	0.7692307692307693	16	0.2519893899204244	0.7786885245901639
S2_Hpca_v2.augK2_d96_for_cluster.npz	50	2	0.3125826992700084	10	0.09392265193370165	0.7727272727272727	10	0.16022099447513813	0.7435897435897436	10	0.2541436464088398	0.7540983606557377
S2_Hpca_pub_v1.augK2_d128_for_cluster.npz	40	3	0.31232801069792476	0	0.09782608695652174	0.8181818181818182	0	0.16576086956521738	0.782051282051282	0	0.26358695652173914	0.7950819672131147
S2_Hpca_pub_v1.augK2_d128_for_cluster.npz	36	8	0.31232719374170537	0	0.09943181818181818	0.7954545454545454	0	0.16193181818181818	0.7307692307692307	0	0.26136363636363635	0.7540983606557377
S2_Hpca_pub_v1.augK2_d128_for_cluster.npz	64	19	0.31192837170998333	0	0.1002710027100271	0.8409090909090909	0	0.16260162601626016	0.7692307692307693	0	0.26287262872628725	0.7950819672131147
S2_Hpca_pub_v1.augK2_d128_for_cluster.npz	64	8	0.3117751687443698	18	0.1	0.8409090909090909	18	0.16216216216216217	0.7692307692307693	18	0.26216216216216215	0.7950819672131147
S2_Hpca_pub_v1.augK2_d128_for_cluster.npz	64	5	0.31175188547340565	20	0.1008174386920981	0.8409090909090909	20	0.16076294277929154	0.7564102564102564	20	0.2615803814713896	0.7868852459016393
S2_Hpca_v2.augK2_d96_for_cluster.npz	18	7	0.3117328057323097	12	0.1	0.45454545454545453	4	0.1623931623931624	0.48717948717948717	12	0.21	0.3442622950819672
S2_Hpca_pub_v1.augK2_d128_for_cluster.npz	64	0	0.31142163128466144	3	0.09574468085106383	0.8181818181818182	3	0.16489361702127658	0.7948717948717948	3	0.26063829787234044	0.8032786885245902
S2_Hpca_pub_v1.augK2_d128_for_cluster.npz	50	19	0.3112162901069121	3	0.09809264305177112	0.8181818181818182	3	0.16348773841961853	0.7692307692307693	3	0.2615803814713896	0.7868852459016393
S2_Hpca_pub_v1.augK2_d128_for_cluster.npz	64	13	0.3112077076801536	24	0.10160427807486631	0.8636363636363636	24	0.15775401069518716	0.7564102564102564	24	0.25935828877005346	0.7950819672131147
S2_Hpca_pub_v1.augK2_d128_for_cluster.npz	50	0	0.31099626809786673	13	0.10511363636363637	0.8409090909090909	13	0.16477272727272727	0.7435897435897436	13	0.26988636363636365	0.7786885245901639
S2_Hpca_pub_v1.augK2_d128_for_cluster.npz	64	11	0.3109480115514296	22	0.0975609756097561	0.8181818181818182	22	0.16531165311653118	0.782051282051282	22	0.26287262872628725	0.7950819672131147
S2_Hpca_pub_v1.augK2_d128_for_cluster.npz	50	9	0.3105578193144448	17	0.09866666666666667	0.8409090909090909	17	0.16	0.7692307692307693	17	0.25866666666666666	0.7950819672131147
S2_Hpca_pub_v1.augK2_d128_for_cluster.npz	50	13	0.31022689299405604	4	0.10192837465564739	0.8409090909090909	4	0.162534435261708	0.7564102564102564	4	0.2644628099173554	0.7868852459016393
S2_Hpca_pub_v1.augK2_d128_for_cluster.npz	64	17	0.3100125999538878	1	0.10109289617486339	0.8409090909090909	1	0.16120218579234974	0.7564102564102564	1	0.26229508196721313	0.7868852459016393
S2_Hpca_v2.augK2_d96_for_cluster.npz	50	8	0.3097452898310794	24	0.09192200557103064	0.75	24	0.1671309192200557	0.7692307692307693	24	0.2590529247910863	0.7622950819672131
S2_Hpca_v2.augK2_d96_for_cluster.npz	36	0	0.3096540458629332	18	0.11038961038961038	0.7727272727272727	18	0.18181818181818182	0.717948717948718	18	0.2922077922077922	0.7377049180327869
S2_Hpca_pub_v1.augK2_d128_for_cluster.npz	50	15	0.30934212258779287	0	0.10136986301369863	0.8409090909090909	0	0.16164383561643836	0.7564102564102564	0	0.26301369863013696	0.7868852459016393
S2_Hpca_pub_v1.augK2_d128_for_cluster.npz	50	2	0.30932875549590444	13	0.11065573770491803	0.6136363636363636	13	0.23770491803278687	0.7435897435897436	13	0.3483606557377049	0.6967213114754098
S2_Hpca_v2.augK2_d96_for_cluster.npz	40	2	0.3086767363601395	3	0.08970976253298153	0.7727272727272727	3	0.1503957783641161	0.7307692307692307	3	0.24010554089709762	0.7459016393442623
S2_Hpca_v2.augK2_d96_for_cluster.npz	18	3	0.30826969241752694	15	0.09900990099009901	0.45454545454545453	24	0.1688888888888889	0.48717948717948717	15	0.2079207920792079	0.3442622950819672
S2_Hpca_v2.augK2_d96_for_cluster.npz	18	11	0.30778879121234887	16	0.09302325581395349	0.36363636363636365	2	0.1680327868852459	0.5256410256410257	19	0.33043478260869563	0.3114754098360656
S2_Hpca_v2.augK2_d96_for_cluster.npz	64	9	0.30746140158741425	4	0.0868421052631579	0.75	4	0.1631578947368421	0.7948717948717948	4	0.25	0.7786885245901639
S2_Hpca_v2.augK2_d96_for_cluster.npz	64	15	0.30687300111645116	0	0.0861244019138756	0.8181818181818182	0	0.14354066985645933	0.7692307692307693	0	0.22966507177033493	0.7868852459016393
S2_Hpca_pub_v1.augK2_d128_for_cluster.npz	40	18	0.3065294892610357	22	0.10756972111553785	0.6136363636363636	22	0.20717131474103587	0.6666666666666666	22	0.3147410358565737	0.6475409836065574
S2_Hpca_v2.augK2_d96_for_cluster.npz	50	9	0.3060365556442551	0	0.0870712401055409	0.75	0	0.15303430079155672	0.7435897435897436	0	0.24010554089709762	0.7459016393442623
S2_Hpca_v2.augK2_d96_for_cluster.npz	64	12	0.3057664109114711	14	0.09333333333333334	0.7954545454545454	14	0.16	0.7692307692307693	14	0.25333333333333335	0.7786885245901639
S2_Hpca_v2.augK2_d96_for_cluster.npz	50	11	0.3041006544963189	6	0.08947368421052632	0.7727272727272727	6	0.15526315789473685	0.7564102564102564	6	0.24473684210526317	0.7622950819672131
S2_Hpca_pub_v1.augK2_d128_for_cluster.npz	24	4	0.30306382504432094	17	0.09510869565217392	0.7954545454545454	17	0.16032608695652173	0.7564102564102564	17	0.2554347826086957	0.7704918032786885
S2_Hpca_v2.augK2_d96_for_cluster.npz	50	0	0.3026620206039486	1	0.0868421052631579	0.75	1	0.15526315789473685	0.7564102564102564	1	0.24210526315789474	0.7540983606557377
S2_Hpca_pub_v1.augK2_d128_for_cluster.npz	50	1	0.301874153312782	18	0.1005586592178771	0.8181818181818182	18	0.17039106145251395	0.782051282051282	18	0.2709497206703911	0.7950819672131147
S2_Hpca_pub_v1.augK2_d128_for_cluster.npz	24	15	0.3012174497447688	4	0.09831460674157304	0.7954545454545454	4	0.1601123595505618	0.7307692307692307	4	0.25842696629213485	0.7540983606557377
S2_Hpca_pub_v1.augK2_d128_for_cluster.npz	24	19	0.30087078325926603	21	0.09803921568627451	0.7954545454545454	21	0.15966386554621848	0.7307692307692307	21	0.25770308123249297	0.7540983606557377
S2_Hpca_pub_v1.augK2_d128_for_cluster.npz	24	13	0.3005258232461315	12	0.09776536312849161	0.7954545454545454	12	0.15921787709497207	0.7307692307692307	12	0.2569832402234637	0.7540983606557377
S2_Hpca_pub_v1.augK2_d128_for_cluster.npz	24	16	0.3005258232461315	19	0.09776536312849161	0.7954545454545454	19	0.15921787709497207	0.7307692307692307	19	0.2569832402234637	0.7540983606557377
S2_Hpca_pub_v1.augK2_d128_for_cluster.npz	50	14	0.30039782929826303	15	0.10027855153203342	0.8181818181818182	15	0.1671309192200557	0.7692307692307693	15	0.26740947075208915	0.7868852459016393
S2_Hpca_pub_v1.augK2_d128_for_cluster.npz	24	11	0.3001825570003173	1	0.09749303621169916	0.7954545454545454	1	0.15877437325905291	0.7307692307692307	1	0.2562674094707521	0.7540983606557377
S2_Hpca_pub_v1.augK2_d128_for_cluster.npz	24	0	0.3001825570003173	23	0.09749303621169916	0.7954545454545454	23	0.15877437325905291	0.7307692307692307	23	0.2562674094707521	0.7540983606557377
S2_Hpca_pub_v1.augK2_d128_for_cluster.npz	50	5	0.30004156161194223	24	0.1	0.8181818181818182	24	0.16666666666666666	0.7692307692307693	24	0.26666666666666666	0.7868852459016393
S2_Hpca_v2.augK2_d96_for_cluster.npz	64	18	0.29972026148820885	6	0.08629441624365482	0.7727272727272727	6	0.1548223350253807	0.782051282051282	6	0.24111675126903553	0.7786885245901639
S2_Hpca_v2.augK2_d96_for_cluster.npz	50	19	0.2994840725046958	22	0.09239130434782608	0.7727272727272727	22	0.16304347826086957	0.7692307692307693	22	0.2554347826086957	0.7704918032786885
S2_Hpca_v2.augK2_d96_for_cluster.npz	40	9	0.2993139491194947	18	0.08173076923076923	0.7727272727272727	18	0.1466346153846154	0.782051282051282	18	0.2283653846153846	0.7786885245901639
S2_Hpca_v2.augK2_d96_for_cluster.npz	64	2	0.2990185582289388	16	0.10185185185185185	0.75	16	0.16666666666666666	0.6923076923076923	16	0.26851851851851855	0.7131147540983607
S2_Hpca_v2.augK2_d96_for_cluster.npz	64	0	0.2984779541137411	12	0.08717948717948718	0.7727272727272727	12	0.15128205128205127	0.7564102564102564	12	0.23846153846153847	0.7622950819672131
S2_Hpca_pub_v1.augK2_d128_for_cluster.npz	24	6	0.29828048461389106	19	0.09631728045325778	0.7727272727272727	19	0.16147308781869688	0.7307692307692307	19	0.2577903682719547	0.7459016393442623
S2_Hpca_v2.augK2_d96_for_cluster.npz	64	8	0.2981343215478553	9	0.09649122807017543	0.75	9	0.16666666666666666	0.7307692307692307	9	0.2631578947368421	0.7377049180327869
S2_Hpca_pub_v1.augK2_d128_for_cluster.npz	24	3	0.2979326552058128	3	0.096045197740113	0.7727272727272727	3	0.16101694915254236	0.7307692307692307	3	0.2570621468926554	0.7459016393442623
S2_Hpca_pub_v1.augK2_d128_for_cluster.npz	24	14	0.2979326552058128	24	0.096045197740113	0.7727272727272727	24	0.16101694915254236	0.7307692307692307	24	0.2570621468926554	0.7459016393442623
S2_Hpca_pub_v1.augK2_d128_for_cluster.npz	24	5	0.2979326552058128	12	0.096045197740113	0.7727272727272727	12	0.16101694915254236	0.7307692307692307	12	0.2570621468926554	0.7459016393442623
S2_Hpca_v2.augK2_d96_for_cluster.npz	64	16	0.2963798620815167	16	0.0868421052631579	0.75	16	0.15789473684210525	0.7692307692307693	16	0.24473684210526317	0.7622950819672131
S2_Hpca_pub_v1.augK2_d128_for_cluster.npz	50	17	0.29623469717236944	22	0.09703504043126684	0.8181818181818182	22	0.16172506738544473	0.7692307692307693	22	0.2587601078167116	0.7868852459016393
S2_Hpca_v2.augK2_d96_for_cluster.npz	18	5	0.29606804543818327	17	0.12244897959183673	0.6818181818181818	17	0.15918367346938775	0.5	17	0.2816326530612245	0.5655737704918032
S2_Hpca_v2.augK2_d96_for_cluster.npz	40	18	0.2957843606315335	18	0.09115281501340483	0.7727272727272727	18	0.1447721179624665	0.6923076923076923	18	0.2359249329758713	0.7213114754098361
S2_Hpca_v2.augK2_d96_for_cluster.npz	40	6	0.2957843606315335	24	0.09115281501340483	0.7727272727272727	24	0.1447721179624665	0.6923076923076923	24	0.2359249329758713	0.7213114754098361
S2_Hpca_v2.augK2_d96_for_cluster.npz	40	1	0.29547878869200944	22	0.09090909090909091	0.7727272727272727	22	0.1443850267379679	0.6923076923076923	22	0.23529411764705882	0.7213114754098361
S2_Hpca_v2.augK2_d96_for_cluster.npz	18	12	0.2950582092824099	10	0.07647058823529412	0.29545454545454547	2	0.1729957805907173	0.5256410256410257	16	0.3235294117647059	0.27049180327868855
S2_Hpca_v2.augK2_d96_for_cluster.npz	64	17	0.29500016092688064	0	0.0967741935483871	0.75	0	0.16715542521994134	0.7307692307692307	0	0.26392961876832843	0.7377049180327869
S2_Hpca_pub_v1.augK2_d128_for_cluster.npz	24	18	0.2949859079609967	18	0.09401709401709402	0.75	18	0.1623931623931624	0.7307692307692307	18	0.2564102564102564	0.7377049180327869
S2_Hpca_v2.augK2_d96_for_cluster.npz	50	17	0.2948213081279894	16	0.08753315649867374	0.75	16	0.15649867374005305	0.7564102564102564	16	0.2440318302387268	0.7540983606557377
S2_Hpca_v2.augK2_d96_for_cluster.npz	40	5	0.2947106579747302	12	0.08673469387755102	0.7727272727272727	12	0.14540816326530612	0.7307692307692307	12	0.23214285714285715	0.7459016393442623
S2_Hpca_v2.augK2_d96_for_cluster.npz	50	3	0.29469216014490995	3	0.08616187989556136	0.75	3	0.1514360313315927	0.7435897435897436	3	0.23759791122715404	0.7459016393442623
S2_Hpca_v2.augK2_d96_for_cluster.npz	40	0	0.29443066534756684	7	0.09066666666666667	0.7727272727272727	7	0.144	0.6923076923076923	7	0.23466666666666666	0.7213114754098361
S2_Hpca_v2.augK2_d96_for_cluster.npz	40	11	0.29431148430947635	25	0.09042553191489362	0.7727272727272727	25	0.14627659574468085	0.7051282051282052	25	0.23670212765957446	0.7295081967213115
S2_Hpca_pub_v1.augK2_d128_for_cluster.npz	24	7	0.2942931522004785	20	0.09348441926345609	0.75	20	0.16147308781869688	0.7307692307692307	20	0.254957507082153	0.7377049180327869
S2_Hpca_pub_v1.augK2_d128_for_cluster.npz	24	8	0.2942931522004785	16	0.09348441926345609	0.75	16	0.16147308781869688	0.7307692307692307	16	0.254957507082153	0.7377049180327869
S2_Hpca_pub_v1.augK2_d128_for_cluster.npz	24	2	0.29425134784654877	21	0.09550561797752809	0.7727272727272727	21	0.15730337078651685	0.717948717948718	21	0.25280898876404495	0.7377049180327869
S2_Hpca_pub_v1.augK2_d128_for_cluster.npz	24	9	0.29394935681310347	6	0.09322033898305085	0.75	6	0.16101694915254236	0.7307692307692307	6	0.2542372881355932	0.7377049180327869
S2_Hpca_v2.augK2_d96_for_cluster.npz	40	14	0.29219034223502616	16	0.0958904109589041	0.7954545454545454	16	0.14246575342465753	0.6666666666666666	16	0.23835616438356164	0.7131147540983607
S2_Hpca_v2.augK2_d96_for_cluster.npz	50	5	0.29192815315400883	8	0.06324110671936758	0.7272727272727273	8	0.14031620553359683	0.9102564102564102	8	0.20355731225296442	0.8442622950819673
S2_Hpca_v2.augK2_d96_for_cluster.npz	40	15	0.29150616155722314	5	0.09066666666666667	0.7727272727272727	5	0.14133333333333334	0.6794871794871795	5	0.232	0.7131147540983607
S2_Hpca_v2.augK2_d96_for_cluster.npz	50	6	0.2913117950454776	16	0.09269662921348315	0.75	16	0.15730337078651685	0.717948717948718	16	0.25	0.7295081967213115
S2_Hpca_v2.augK2_d96_for_cluster.npz	40	17	0.2910610751099382	5	0.08970976253298153	0.7727272727272727	5	0.13984168865435356	0.6794871794871795	5	0.22955145118733508	0.7131147540983607
S2_Hpca_pub_v1.augK2_d128_for_cluster.npz	24	1	0.290951208529916	4	0.09322033898305085	0.75	4	0.15819209039548024	0.717948717948718	4	0.2514124293785311	0.7295081967213115
S2_Hpca_v2.augK2_d96_for_cluster.npz	40	12	0.2907572432861902	16	0.09042553191489362	0.7727272727272727	16	0.14361702127659576	0.6923076923076923	16	0.23404255319148937	0.7213114754098361
S2_Hpca_v2.augK2_d96_for_cluster.npz	36	13	0.29075022790371857	6	0.09090909090909091	0.7727272727272727	6	0.1443850267379679	0.6923076923076923	6	0.23529411764705882	0.7213114754098361
S2_Hpca_v2.augK2_d96_for_cluster.npz	40	19	0.2904559674380121	5	0.09018567639257294	0.7727272727272727	5	0.14323607427055704	0.6923076923076923	5	0.23342175066312998	0.7213114754098361
S2_Hpca_pub_v1.augK2_d128_for_cluster.npz	24	17	0.2899534975309656	18	0.09686609686609686	0.7727272727272727	18	0.15384615384615385	0.6923076923076923	18	0.25071225071225073	0.7213114754098361
S2_Hpca_v2.augK2_d96_for_cluster.npz	50	10	0.28991524128463647	21	0.09418282548476455	0.7727272727272727	21	0.1523545706371191	0.7051282051282052	21	0.24653739612188366	0.7295081967213115
S2_Hpca_v2.augK2_d96_for_cluster.npz	40	8	0.2898576408904974	7	0.08970976253298153	0.7727272727272727	7	0.1424802110817942	0.6923076923076923	7	0.23218997361477572	0.7213114754098361
S2_Hpca_v2.augK2_d96_for_cluster.npz	40	4	0.2897420133362503	14	0.09115281501340483	0.7727272727272727	14	0.15013404825737264	0.717948717948718	14	0.24128686327077747	0.7377049180327869
S2_Hpca_v2.augK2_d96_for_cluster.npz	50	4	0.28933108271883407	10	0.09497206703910614	0.7727272727272727	10	0.15363128491620112	0.7051282051282052	10	0.24860335195530725	0.7295081967213115
S2_Hpca_v2.augK2_d96_for_cluster.npz	36	12	0.2885928613913542	24	0.0913978494623656	0.7727272727272727	24	0.1532258064516129	0.7307692307692307	24	0.2446236559139785	0.7459016393442623
S2_Hpca_v2.augK2_d96_for_cluster.npz	36	2	0.28842824336099476	8	0.0913978494623656	0.7727272727272727	8	0.1424731182795699	0.6794871794871795	8	0.23387096774193547	0.7131147540983607
S2_Hpca_v2.augK2_d96_for_cluster.npz	36	7	0.2883985352647495	19	0.09018567639257294	0.7727272727272727	19	0.14854111405835543	0.717948717948718	19	0.23872679045092837	0.7377049180327869
S2_Hpca_v2.augK2_d96_for_cluster.npz	36	11	0.28827571242281486	25	0.09115281501340483	0.7727272727272727	25	0.15281501340482573	0.7307692307692307	25	0.24396782841823056	0.7459016393442623
S2_Hpca_v2.augK2_d96_for_cluster.npz	36	19	0.2873638535994807	0	0.09239130434782608	0.7727272727272727	0	0.15217391304347827	0.717948717948718	0	0.24456521739130435	0.7377049180327869
S2_Hpca_v2.augK2_d96_for_cluster.npz	40	3	0.28595961618194027	3	0.09141274238227147	0.75	3	0.1523545706371191	0.7051282051282052	3	0.24376731301939059	0.7213114754098361
S2_Hpca_v2.augK2_d96_for_cluster.npz	36	8	0.2854676356354751	7	0.09090909090909091	0.7727272727272727	7	0.1497326203208556	0.717948717948718	7	0.24064171122994651	0.7377049180327869
S2_Hpca_v2.augK2_d96_for_cluster.npz	36	3	0.28534450611148626	15	0.09115281501340483	0.7727272727272727	15	0.15013404825737264	0.717948717948718	15	0.24128686327077747	0.7377049180327869
S2_Hpca_v2.augK2_d96_for_cluster.npz	36	15	0.28503221604193657	2	0.09090909090909091	0.7727272727272727	2	0.1497326203208556	0.717948717948718	2	0.24064171122994651	0.7377049180327869
S2_Hpca_v2.augK2_d96_for_cluster.npz	36	17	0.2844120459073866	18	0.09042553191489362	0.7727272727272727	18	0.14893617021276595	0.717948717948718	18	0.2393617021276596	0.7377049180327869
S2_Hpca_v2.augK2_d96_for_cluster.npz	36	16	0.2842980967915945	23	0.09264305177111716	0.7727272727272727	23	0.14986376021798364	0.7051282051282052	23	0.24250681198910082	0.7295081967213115
S2_Hpca_v2.augK2_d96_for_cluster.npz	40	16	0.28404149082366753	13	0.09734513274336283	0.75	13	0.14749262536873156	0.6410256410256411	13	0.2448377581120944	0.680327868852459
S2_Hpca_v2.augK2_d96_for_cluster.npz	40	7	0.2832698991206621	6	0.09066666666666667	0.7727272727272727	6	0.144	0.6923076923076923	6	0.23466666666666666	0.7213114754098361
S2_Hpca_v2.augK2_d96_for_cluster.npz	40	10	0.28217171972740723	20	0.0921409214092141	0.7727272727272727	20	0.14363143631436315	0.6794871794871795	20	0.23577235772357724	0.7131147540983607
S2_Hpca_v2.augK2_d96_for_cluster.npz	36	18	0.28210436879562073	2	0.09090909090909091	0.7727272727272727	2	0.14705882352941177	0.7051282051282052	2	0.23796791443850268	0.7295081967213115
S2_Hpca_v2.augK2_d96_for_cluster.npz	36	5	0.281979859429248	19	0.09315068493150686	0.7727272727272727	19	0.14794520547945206	0.6923076923076923	19	0.2410958904109589	0.7213114754098361
S2_Hpca_v2.augK2_d96_for_cluster.npz	36	1	0.2814908700737345	5	0.09042553191489362	0.7727272727272727	5	0.14627659574468085	0.7051282051282052	5	0.23670212765957446	0.7295081967213115
S2_Hpca_v2.augK2_d96_for_cluster.npz	36	14	0.2811862816594231	22	0.09018567639257294	0.7727272727272727	22	0.14588859416445624	0.7051282051282052	22	0.23607427055702918	0.7295081967213115
S2_Hpca_v2.augK2_d96_for_cluster.npz	36	6	0.2806142986219255	0	0.09444444444444444	0.7727272727272727	0	0.14722222222222223	0.6794871794871795	0	0.24166666666666667	0.7131147540983607
S2_Hpca_v2.augK2_d96_for_cluster.npz	36	9	0.279482093488829	20	0.09115281501340483	0.7727272727272727	20	0.1447721179624665	0.6923076923076923	20	0.2359249329758713	0.7213114754098361
S2_Hpca_pub_v1.augK2_d128_for_cluster.npz	24	10	0.2792839307227722	6	0.09348441926345609	0.75	6	0.14730878186968838	0.6666666666666666	6	0.24079320113314448	0.6967213114754098
S2_Hpca_pub_v1.augK2_d128_for_cluster.npz	24	12	0.2762820864272309	12	0.09348441926345609	0.75	12	0.14447592067988668	0.6538461538461539	12	0.23796033994334279	0.6885245901639344
S2_Hpca_v2.augK2_d96_for_cluster.npz	36	4	0.27268255999419894	21	0.08781869688385269	0.7045454545454546	21	0.1529745042492918	0.6923076923076923	21	0.24079320113314448	0.6967213114754098
S2_Hpca_v2.augK2_d96_for_cluster.npz	18	0	0.2726702981065756	25	0.14285714285714285	0.4090909090909091	25	0.25396825396825395	0.41025641025641024	25	0.3968253968253968	0.4098360655737705
S2_Hpca_v2.augK2_d96_for_cluster.npz	50	18	0.27199066127825505	12	0.06474820143884892	0.8181818181818182	12	0.10431654676258993	0.7435897435897436	12	0.16906474820143885	0.7704918032786885
S2_Hpca_v2.augK2_d96_for_cluster.npz	36	10	0.27188461071455716	16	0.0921409214092141	0.7727272727272727	16	0.13821138211382114	0.6538461538461539	16	0.23035230352303523	0.6967213114754098
S2_Hpca_v2.augK2_d96_for_cluster.npz	30	13	0.26206311291608064	9	0.09295774647887324	0.75	9	0.1323943661971831	0.6025641025641025	9	0.22535211267605634	0.6557377049180327
S2_Hpca_v2.augK2_d96_for_cluster.npz	30	0	0.2607931705194459	2	0.09322033898305085	0.75	2	0.1327683615819209	0.6025641025641025	2	0.22598870056497175	0.6557377049180327
S2_Hpca_v2.augK2_d96_for_cluster.npz	30	11	0.2607006421290366	13	0.09217877094972067	0.75	13	0.13128491620111732	0.6025641025641025	13	0.22346368715083798	0.6557377049180327
S2_Hpca_v2.augK2_d96_for_cluster.npz	24	5	0.25693948714191717	15	0.10365853658536585	0.7727272727272727	15	0.125	0.5256410256410257	15	0.22865853658536586	0.6147540983606558
S2_Hpca_v2.augK2_d96_for_cluster.npz	50	16	0.24837554848147822	2	0.0547945205479452	0.8181818181818182	2	0.0821917808219178	0.6923076923076923	2	0.136986301369863	0.7377049180327869
S2_Hpca_v2.augK2_d96_for_cluster.npz	18	9	0.24545784622308878	17	0.12	0.3409090909090909	17	0.24	0.38461538461538464	17	0.36	0.36885245901639346
S2_Hpca_v2.augK2_d96_for_cluster.npz	24	17	0.2422684648209272	24	0.09620991253644315	0.75	24	0.11370262390670553	0.5	24	0.2099125364431487	0.5901639344262295
S2_Hpca_v2.augK2_d96_for_cluster.npz	40	13	0.2402310312751578	0	0.09850746268656717	0.75	0	0.10149253731343283	0.4358974358974359	0	0.2	0.5491803278688525
S2_Hpca_v2.augK2_d96_for_cluster.npz	18	8	0.23448007477130586	13	0.10344827586206896	0.2727272727272727	13	0.25862068965517243	0.38461538461538464	13	0.3620689655172414	0.3442622950819672
S2_Hpca_v2.augK2_d96_for_cluster.npz	64	4	0.21105922215820636	24	0.04497354497354497	0.7727272727272727	24	0.06613756613756613	0.6410256410256411	24	0.1111111111111111	0.6885245901639344
